"player","player_image_url","nation","specific_position","primary_position","secondary_position","squad","age","born","90s_played","minutes_played","tackles","tackles_won","dribblers_tackled","dribblers_challenged","percent_of_dribblers_successfully_tackled","unsuccessful_dribble_challenges","blocks","shots_blocked","passes_blocked","interceptions","tkl_plus_int","clearances","errors","aerials_won","aerials_lost","won_percent","passes_att","passes_cmp","pass_cmp_percent","gross_weekly_wages_usd","gross_yearly_wages_usd","team_possession_percentage","tackles_per90","tackles_won_per90","dribblers_tackled_per90","dribblers_challenged_per90","unsuccessful_dribble_challenges_per90","blocks_per90","shots_blocked_per90","passes_blocked_per90","interceptions_per90","tkl_plus_int_per90","clearances_per90","errors_per90","aerials_won_per90","aerials_lost_per90","passes_att_per90","passes_cmp_per90","won_percent_per90","tackles_per90_adj","tackles_won_per90_adj","dribblers_tackled_per90_adj","dribblers_challenged_per90_adj","unsuccessful_dribble_challenges_per90_adj","blocks_per90_adj","shots_blocked_per90_adj","passes_blocked_per90_adj","interceptions_per90_adj","tkl_plus_int_per90_adj","clearances_per90_adj","errors_per90_adj","aerials_won_per90_adj","aerials_lost_per90_adj","passes_att_per90_adj","passes_cmp_per90_adj","won_percent_per90_adj","tackles_per90_adj_zscore","tackles_won_per90_adj_zscore","dribblers_tackled_per90_adj_zscore","dribblers_challenged_per90_adj_zscore","unsuccessful_dribble_challenges_per90_adj_zscore","blocks_per90_adj_zscore","shots_blocked_per90_adj_zscore","passes_blocked_per90_adj_zscore","interceptions_per90_adj_zscore","tkl_plus_int_per90_adj_zscore","clearances_per90_adj_zscore","errors_per90_adj_zscore","aerials_won_per90_adj_zscore","aerials_lost_per90_adj_zscore","passes_att_per90_adj_zscore","passes_cmp_per90_adj_zscore","won_percent_per90_adj_zscore","percent_of_dribblers_successfully_tackled_zscore","pass_cmp_percent_zscore","won_percent_zscore","inverted_unsuccessful_dribble_challenges_per90_adj_zscore","inverted_aerials_lost_per90_adj_zscore","inverted_errors_per90_adj_zscore","composite_zscore","weighted_sum","value_score","weighted_value_score","tackles_per90_adj_percentile","tackles_won_per90_adj_percentile","dribblers_tackled_per90_adj_percentile","blocks_per90_adj_percentile","shots_blocked_per90_adj_percentile","passes_blocked_per90_adj_percentile","interceptions_per90_adj_percentile","clearances_per90_adj_percentile","percent_of_dribblers_successfully_tackled_percentile","pass_cmp_percent_percentile","won_percent_percentile"
"Adrien Tameze","https://images.fotmob.com/image_resources/playerimages/426393.png","CMR","D (R)  DM (C)","DF","MF","Torino",29,1994,23.8,2142,35,16,18,37,48.6,19,24,11,13,47,82,25,2,30,39,43.5,1276,1106,86.7,25353,1318400,51.97,1.47058823529412,0.672268907563025,0.756302521008403,1.5546218487395,0.798319327731092,1.00840336134454,0.46218487394958,0.546218487394958,1.97478991596639,3.4453781512605,1.05042016806723,0.0840336134453781,1.26050420168067,1.63865546218487,53.6134453781513,46.4705882352941,1.82773109243697,1.53090592889248,0.699842710350849,0.787323049144705,1.61838626768634,0.831063218541633,1.04976406552627,0.481141863366208,0.568622202160065,2.05578796165562,3.5866938905481,1.0935042349232,0.0874803387938561,1.31220508190784,1.70586660648019,55.8124561504802,48.3766273530024,1.90269736876637,0.0097198633336634,-0.600301850621778,0.111225286006318,0.789076222326594,1.40069012658144,-0.706435338600226,-0.933051153558368,0.145122908412978,2.13149244756227,1.146838818114,-3.03302105877095,1.1240876022168,-1.02767893798419,0.455992822699843,-0.0381404372768281,-0.0255763722612104,-0.76144573757511,-1.30106504374707,0.31097574628242,-1.69535094622947,-1.40069012658144,-0.455992822699843,-1.1240876022168,-6.51694377691552,-0.281470610671822,-4.94307021914102,-0.213494091832389,"57th percentile","31st percentile","59th percentile","26th percentile","17th percentile","55th percentile","96th percentile","0th percentile","12th percentile","60th percentile","4th percentile"
"Alberto Dossena","https://images.fotmob.com/image_resources/playerimages/822789.png","ITA","D (C)","DF","-","Cagliari",24,1998,33.1,2979,55,35,32,48,66.7,16,50,27,23,45,100,172,2,118,68,63.4,1305,1042,79.8,14658,762200,42.05,1.66163141993958,1.05740181268882,0.966767371601208,1.45015105740181,0.483383685800604,1.51057401812689,0.81570996978852,0.694864048338369,1.3595166163142,3.02114803625378,5.19637462235649,0.0604229607250755,3.56495468277946,2.05438066465257,39.4259818731118,31.4803625377643,1.91540785498489,1.43367680754062,0.912339786616757,0.834139233478178,1.25120885021727,0.417069616739089,1.30334255230965,0.703804978247213,0.59953757406244,1.17300829707869,2.60668510461931,4.48349837994521,0.0521337020923861,3.07588842345078,1.77254587114113,34.0172406152819,27.1616587901332,1.65263835632864,-0.162636799353037,-0.0116303384778858,0.260523186294525,0.0671589228075,-0.181693036458543,0.0974364981131661,-0.111775671644938,0.294052861029923,0.141545414627441,-0.0349140461827632,1.00551229001649,0.349148522837563,1.10139913982043,0.605392082259898,-1.17203086924209,-1.16801999612141,-1.02723313260261,0.353635457462818,-1.13635998079433,0.628065627106655,0.181693036458543,-0.605392082259898,-0.349148522837563,1.7642898154339,0.198246415284658,2.31473342355536,0.260097632228625,"44th percentile","55th percentile","65th percentile","59th percentile","52nd percentile","60th percentile","62nd percentile","84th percentile","62nd percentile","15th percentile","73rd percentile"
"Alessandro Bastoni","https://images.fotmob.com/image_resources/playerimages/805451.png","ITA","D (LC)","DF","-","Inter",24,1999,25.2,2268,46,33,26,40,65,14,25,11,14,23,69,48,1,37,29,56.1,1935,1671,86.4,201841,10495700,57.11,1.82539682539683,1.30952380952381,1.03174603174603,1.58730158730159,0.555555555555556,0.992063492063492,0.436507936507937,0.555555555555556,0.912698412698413,2.73809523809524,1.9047619047619,0.0396825396825397,1.46825396825397,1.15079365079365,76.7857142857143,66.3095238095238,2.22619047619048,2.12799816437028,1.52660737878737,1.20278157116581,1.85043318640894,0.647651615243128,1.15652074150559,0.508869126262458,0.647651615243128,1.06399908218514,3.19199724655542,2.22051982369073,0.0462608296602235,1.71165069742827,1.34156406014648,89.5147053925324,77.3018463622334,2.59523254393854,1.06817666714107,1.69004875611621,1.436132171898,1.24530984933079,0.699646845472602,-0.368004873581252,-0.830781313268801,0.525834703922744,-0.104181319284051,0.670890136567628,-1.69039630924903,0.220391764611042,-0.545477352672565,-0.360250891967062,1.71521033319648,1.53207062249759,-0.0253510118560725,0.198221598233159,0.248048105974736,-0.224242965122175,-0.699646845472602,0.360250891967062,-0.220391764611042,-1.57518994893596,-0.0993473762402402,-0.150079551524525,-0.00946553124043563,"84th percentile","96th percentile","89th percentile","39th percentile","23rd percentile","70th percentile","54th percentile","4th percentile","59th percentile","59th percentile","41st percentile"
"Alessandro Buongiorno","https://images.fotmob.com/image_resources/playerimages/823018.png","ITA","D (C)","DF","-","Torino",24,1999,28.1,2529,70,39,24,34,70.6,10,20,12,8,69,139,131,0,78,53,59.5,1187,1012,85.3,29316,1524400,51.97,2.49110320284698,1.38790035587189,0.854092526690391,1.20996441281139,0.355871886120996,0.711743772241993,0.427046263345196,0.284697508896797,2.45551601423488,4.94661921708185,4.66192170818505,0,2.77580071174377,1.88612099644128,42.2419928825623,36.0142348754448,2.11743772241993,2.59327837065061,1.44482652079105,0.889124012794494,1.25959235145887,0.370468338664373,0.740936677328745,0.444562006397247,0.296374670931498,2.55623153678417,5.14950990743478,4.85313523650328,0,2.88965304158211,1.96348219492118,43.974591799461,37.4913958728345,2.20428661505302,1.89297218574339,1.46349476211737,0.43587092589805,0.0836419478763294,-0.359814334663405,-1.68545230067328,-1.06797309461072,-1.16638684970948,3.25958391527366,3.03137529456441,1.44586431078408,-0.793829900974535,0.87658005835126,1.03319742085971,-0.654002257998263,-0.611755100827672,-0.440886924847668,0.710173134519091,0.0173134248465572,0.172722680573444,0.359814334663405,-1.03319742085971,0.793829900974535,6.93467966674582,0.579868230514722,4.54912074701248,0.38039112471446,"97th percentile","91st percentile","70th percentile","2nd percentile","12th percentile","13th percentile","100th percentile","94th percentile","80th percentile","52nd percentile","62nd percentile"
"Alessandro Vogliacco","https://images.fotmob.com/image_resources/playerimages/958401.png","ITA","D (CR)","DF","-","Genoa",24,1998,13,1170,23,15,12,15,80,3,16,10,6,30,53,40,1,25,21,54.3,626,494,78.9,3764,195700,44.13,1.76923076923077,1.15384615384615,0.923076923076923,1.15384615384615,0.230769230769231,1.23076923076923,0.769230769230769,0.461538461538462,2.30769230769231,4.07692307692308,3.07692307692308,0.0769230769230769,1.92307692307692,1.61538461538462,48.1538461538462,38,4.17692307692308,1.58334595420688,1.03261692665666,0.826093541325329,1.03261692665666,0.206523385331332,1.10145805510044,0.688411284437775,0.413046770662665,2.06523385331332,3.6485798075202,2.7536451377511,0.0688411284437775,1.72102821109444,1.44566369731933,43.0945464058047,34.0075174512261,3.73807327449712,0.102679540729976,0.321568250170143,0.234865286961479,-0.362620479861918,-0.98645139545381,-0.542559676775938,-0.168554107123712,-0.604337318506949,2.15278521724414,1.22146453646621,-1.05527888195872,0.715441862282929,-0.534157033258829,-0.127008836986735,-0.699786391215506,-0.799364838606723,1.18937289569408,1.56952035614191,-1.32514290171738,-0.434401248137503,0.98645139545381,0.127008836986735,-0.715441862282929,-1.01232823887,0.229399448861216,-5.17285763346957,1.17219953429339,"62nd percentile","67th percentile","63rd percentile","34th percentile","49th percentile","30th percentile","97th percentile","15th percentile","96th percentile","10th percentile","31st percentile"
"Alessio Romagnoli","https://images.fotmob.com/image_resources/playerimages/362195.png","ITA","D (C)","DF","-","Lazio",28,1995,26.8,2412,25,18,16,24,66.7,8,29,17,12,29,54,115,0,76,54,58.5,1759,1604,91.2,102802,5345700,52.82,0.932835820895522,0.671641791044776,0.597014925373134,0.895522388059702,0.298507462686567,1.08208955223881,0.634328358208955,0.447761194029851,1.08208955223881,2.01492537313433,4.2910447761194,0,2.83582089552239,2.01492537313433,65.6343283582089,59.8507462686567,2.18283582089552,0.98859243418347,0.711786552612098,0.632699157877421,0.949048736816131,0.31634957893871,1.14676722365283,0.67224285524476,0.474524368408066,1.14676722365283,2.1353596578363,4.54752519724396,0,3.00532099991775,2.1353596578363,69.557363669149,63.4280905772114,2.31330629598932,-0.951631455884199,-0.567214338039065,-0.381873898159614,-0.526926123578301,-0.566669256627487,-0.398924603445457,-0.228190093462864,-0.308178638995073,0.0823932294331365,-0.603266294396429,1.08178806685152,-0.793829900974535,1.01621176467638,1.41830013345192,0.676934809329316,0.78495738551016,-0.325010049544064,0.353635457462818,1.25489035089769,0.0559680788982621,0.566669256627487,-1.41830013345192,0.793829900974535,3.1507166608522,0.119248705978711,0.589392719541351,0.0223074070708628,"17th percentile","33rd percentile","44th percentile","38th percentile","47th percentile","39th percentile","60th percentile","86th percentile","62nd percentile","94th percentile","57th percentile"
"Amir Rrahmani","https://images.fotmob.com/image_resources/playerimages/544693.png","KVX","D (C)","DF","-","Napoli",29,1994,28.9,2601,33,27,16,32,50,16,24,10,14,20,53,90,0,79,46,63.2,2255,2028,89.9,63583,3306300,61.24,1.14186851211073,0.934256055363322,0.55363321799308,1.10726643598616,0.55363321799308,0.830449826989619,0.346020761245675,0.484429065743945,0.69204152249135,1.83391003460208,3.11418685121107,0,2.73356401384083,1.5916955017301,78.0276816608997,70.1730103806228,2.18685121107266,1.47299859663406,1.20518066997333,0.714181137761971,1.42836227552394,0.714181137761971,1.07127170664296,0.446363211101232,0.624908495541724,0.892726422202463,2.36572501883653,4.01726889991108,0,3.52626936769973,2.05327077106567,100.654904103328,90.5224592113298,2.82101549415978,-0.0929316303174146,0.799614167339913,-0.122025969899658,0.415464990428679,0.953938689164228,-0.638253738547498,-1.06132949195529,0.416273293819464,-0.490261261121771,-0.325478044836223,0.450088527391257,-0.793829900974535,1.64508868571279,1.23437460631835,2.29477628004215,2.24401157155982,0.214633388609691,-1.17307715967559,0.982203909564389,0.604714706771619,-0.953938689164228,-1.23437460631835,0.793829900974535,2.07459948116398,-0.0875062143048217,0.627468614815348,-0.0264665076686392,"49th percentile","86th percentile","52nd percentile","28th percentile","13th percentile","65th percentile","34th percentile","71st percentile","13th percentile","78th percentile","71st percentile"
"Ardian Ismajli","https://images.fotmob.com/image_resources/playerimages/750880.png","ALB","D (CR)","DF","-","Empoli",26,1996,22.7,2043,26,16,18,23,78.3,5,28,17,11,23,49,126,1,52,39,57.1,1042,864,82.9,17827,927000,44,1.14537444933921,0.704845814977974,0.79295154185022,1.01321585903084,0.220264317180617,1.23348017621145,0.748898678414097,0.484581497797357,1.01321585903084,2.15859030837004,5.55066079295154,0.0440528634361234,2.29074889867841,1.71806167400881,45.9030837004405,38.0616740088106,2.51541850220264,1.02265575833858,0.629326620516048,0.707992448080554,0.904657016991819,0.196664568911265,1.10132158590308,0.668659534298301,0.432662051604783,0.904657016991819,1.9273127753304,4.95594713656388,0.039332913782253,2.04531151667716,1.53398363750787,40.9848961611076,33.9836375078666,2.24590937696665,-0.891247891888563,-0.795649541813454,-0.141761845177093,-0.614205866209192,-1.02413416408282,-0.542992299218499,-0.241406892476595,-0.50984378077748,-0.463367515541888,-0.854141595556456,1.56834513797271,0.0685042513001098,-0.142689664569971,0.0708777734258518,-0.8095403977034,-0.800650793330075,-0.396646146020997,1.41410649691225,-0.486107697614918,-0.107488363446993,1.02413416408282,-0.0708777734258518,-0.0685042513001098,0.0717955772684469,0.0873513499552216,0.0774493821666094,0.0942301509765066,"18th percentile","21st percentile","49th percentile","33rd percentile","46th percentile","34th percentile","38th percentile","99th percentile","91st percentile","31st percentile","50th percentile"
"Armando Izzo","https://images.fotmob.com/image_resources/playerimages/301023.png","ITA","D (RC)","DF","-","Monza",31,1992,18.3,1647,27,17,16,27,59.3,11,20,16,4,27,54,49,1,19,20,48.7,1235,1122,90.9,62394,3244500,53.39,1.47540983606557,0.92896174863388,0.87431693989071,1.47540983606557,0.601092896174863,1.09289617486339,0.87431693989071,0.218579234972678,1.47540983606557,2.95081967213115,2.6775956284153,0.0546448087431694,1.03825136612022,1.09289617486339,67.4863387978142,61.3114754098361,2.66120218579235,1.58271812493625,0.996526226811714,0.93790703699926,1.58271812493625,0.644811087936991,1.17238379624908,0.93790703699926,0.234476759249815,1.58271812493625,3.1654362498725,2.87234030081023,0.0586191898124538,1.11376460643662,1.17238379624908,72.3946994183804,65.7707309695731,2.8547545438665,0.101566596826769,0.221587736436057,0.59144112426368,0.718948136916297,0.688789666608445,-0.317717236351889,0.751691459950984,-1.46457032564989,1.06510639934964,0.63886130748028,-0.913876167426603,0.491336248520259,-1.2672317285125,-0.739310353509909,0.824546465343034,0.911110510428531,0.250494580113372,-0.322871929772166,1.19196271059,-1.08822701751852,-0.688789666608445,0.739310353509909,-0.491336248520259,-2.43778625068255,-0.0655972078975344,-0.751359608778717,-0.0202179713045259,"60th percentile","65th percentile","80th percentile","44th percentile","80th percentile","5th percentile","89th percentile","17th percentile","34th percentile","88th percentile","10th percentile"
"Berat Djimsiti","https://images.fotmob.com/image_resources/playerimages/260964.png","ALB","D (RC)","DF","-","Atalanta",30,1993,31.5,2835,42,24,19,31,61.3,12,53,33,20,57,99,100,0,92,55,62.6,1661,1454,87.5,29316,1524400,51.11,1.33333333333333,0.761904761904762,0.603174603174603,0.984126984126984,0.380952380952381,1.68253968253968,1.04761904761905,0.634920634920635,1.80952380952381,3.14285714285714,3.17460317460317,0,2.92063492063492,1.74603174603175,52.7301587301587,46.1587301587302,1.98730158730159,1.36360537260517,0.779203070060096,0.616869097130909,1.00647063216096,0.389601535030048,1.72074011304938,1.07140422133263,0.649335891716747,1.85060729139273,3.2142126639979,3.24667945858373,0,2.98694510189703,1.78567370222105,53.9273458070758,47.2067193278075,2.03242134107342,-0.286851422577247,-0.380453258936374,-0.432356329919845,-0.41402740582397,-0.286682654240424,1.42063290979522,1.24408538184536,0.53394844152234,1.66897764076629,0.697678807823585,-0.467922248997205,-0.793829900974535,0.994028802058133,0.634805847587746,-0.136212813672143,-0.0885768881434767,-0.623562298238182,-0.140032095384333,0.478782787102911,0.534661945766509,0.286682654240424,-0.634805847587746,0.793829900974535,5.3535091330773,0.333485777118076,3.51187951526981,0.218765269691732,"39th percentile","38th percentile","41st percentile","89th percentile","86th percentile","73rd percentile","94th percentile","28th percentile","42nd percentile","63rd percentile","70th percentile"
"Caleb Okoli","https://images.fotmob.com/image_resources/playerimages/1006676.png","ITA","D (CL)","DF","-","Frosinone",22,2001,32.4,2916,56,34,29,44,65.9,15,48,32,16,29,85,156,4,74,59,55.6,1720,1407,81.8,20600,1071200,49.68,1.7283950617284,1.04938271604938,0.895061728395062,1.35802469135802,0.462962962962963,1.48148148148148,0.987654320987654,0.493827160493827,0.895061728395062,2.62345679012346,4.81481481481481,0.123456790123457,2.28395061728395,1.82098765432099,53.0864197530864,43.4259259259259,1.71604938271605,1.71740367818799,1.04270937604271,0.889369761918782,1.34938860429057,0.460018842371784,1.47206029558971,0.981373530393138,0.490686765196569,0.889369761918782,2.60677344010677,4.78419596066655,0.122671691299142,2.26942628903413,1.80940744666235,52.7488272586312,43.1497674144733,1.70513650905808,0.340321736725368,0.349526928688081,0.436654625568925,0.260192752111598,-0.0175307614599165,0.632290396395696,0.912014220764879,-0.230318828817499,-0.497827788127446,-0.0348075259996464,1.36373627380303,1.89562223344304,0.127856548289293,0.687982856424715,-0.197524935308053,-0.307047107977224,-0.971432915199178,0.280499523707685,-0.716842378743096,-0.282620265959766,0.0175307614599165,-0.687982856424715,-1.89562223344304,-0.59880319180059,0.216160223722979,-0.559002232823553,0.201792591227576,"75th percentile","68th percentile","71st percentile","76th percentile","83rd percentile","42nd percentile","33rd percentile","91st percentile","60th percentile","25th percentile","36th percentile"
"Daniele Rugani","https://images.fotmob.com/image_resources/playerimages/358155.png","ITA","D (CR)","DF","-","Juventus",29,1994,13.2,1188,11,9,4,5,80,1,11,4,7,9,20,42,0,25,24,51,636,564,88.7,73289,3811000,48.47,0.833333333333333,0.681818181818182,0.303030303030303,0.378787878787879,0.0757575757575758,0.833333333333333,0.303030303030303,0.53030303030303,0.681818181818182,1.51515151515152,3.18181818181818,0,1.89393939393939,1.81818181818182,48.1818181818182,42.7272727272727,3.86363636363636,0.808590465101236,0.661574016901011,0.294032896400449,0.367541120500562,0.0735082241001123,0.808590465101236,0.294032896400449,0.514557568700786,0.661574016901011,1.47016448200225,3.08734541220472,0,1.83770560250281,1.7641973784027,46.7512305276714,41.4586383924633,3.74891942910573,-1.27071835327345,-0.706315966376938,-1.46188847980114,-1.67024373530393,-1.49486734836924,-1.47098231417262,-1.62318794203028,-0.115324978960618,-1.01132111506145,-1.4053981891766,-0.657738464710676,-0.793829900974535,-0.393306762480816,0.586686737503823,-0.509548348751188,-0.398115806127531,1.20090125914471,1.56952035614191,0.73049334833365,-0.819691433665604,1.49486734836924,-0.586686737503823,0.793829900974535,-2.79744544473279,-0.280263041930179,-0.73404498680997,-0.0735405515429491,"9th percentile","26th percentile","2nd percentile","4th percentile","4th percentile","46th percentile","13th percentile","21st percentile","96th percentile","71st percentile","20th percentile"
"Diego Coppola","https://images.fotmob.com/image_resources/playerimages/1321562.png","ITA","D (C)","DF","-","Hellas Verona",19,2003,18.2,1638,36,22,20,33,60.6,13,26,9,17,27,63,89,1,82,47,63.6,718,555,77.3,9111,473800,44.21,1.97802197802198,1.20879120879121,1.0989010989011,1.81318681318681,0.714285714285714,1.42857142857143,0.494505494505495,0.934065934065934,1.48351648351648,3.46153846153846,4.89010989010989,0.0549450549450549,4.50549450549451,2.58241758241758,39.4505494505495,30.4945054945055,3.49450549450549,1.7727388223893,1.08334039146013,0.984854901327388,1.62501058719019,0.640155685862802,1.2803113717256,0.443184705597324,0.837126666128279,1.32955411679197,3.10229293918127,4.38260431090688,0.0492427450663694,4.03790509544229,2.31440901811936,35.3562909576532,27.329723511835,3.13183858622109,0.438413549663896,0.462085283400606,0.741158955116322,0.802100473328564,0.67099559967769,0.0244251095185444,-1.07305316087495,1.43860102740502,0.494428361479299,0.562719349018322,0.88531619377706,0.2857672287363,2.26272360128971,1.81947195181276,-1.10236712268806,-1.15896957169419,0.545006843851343,-0.204026037420074,-1.66075698335837,0.651416547441691,-0.67099559967769,-1.81947195181276,-0.2857672287363,2.94729587066698,0.250805097632463,6.22054848177919,0.529348032149564,"78th percentile","73rd percentile","81st percentile","54th percentile","10th percentile","94th percentile","78th percentile","83rd percentile","39th percentile","7th percentile","75th percentile"
"Diego Llorente","https://images.fotmob.com/image_resources/playerimages/420568.png","ESP","D (C)","DF","-","Roma",29,1993,24.1,2169,31,19,11,24,45.8,13,40,27,13,22,53,79,0,43,50,46.2,1648,1501,91.1,68534,3563800,54.84,1.28630705394191,0.788381742738589,0.45643153526971,0.995850622406639,0.539419087136929,1.6597510373444,1.12033195020747,0.539419087136929,0.912863070539419,2.19917012448133,3.27800829875519,0,1.78423236514523,2.0746887966805,68.3817427385892,62.2821576763485,1.91701244813278,1.42416635733161,0.872876154493567,0.505349352601539,1.10258040567608,0.597231053074545,1.83763400946014,1.24040295638559,0.597231053074545,1.01069870520308,2.43486506253469,3.62932716868378,0,1.97545656016965,2.29704251182517,75.7105211897578,68.9572162049918,2.12246728092646,-0.179495837426012,-0.120954741452629,-0.787995387992502,-0.225063420425068,0.506927324448143,1.79119948427192,1.86742399653939,0.282941558131096,-0.224330130234057,-0.242104869155492,-0.012070270507684,-0.793829900974535,-0.227016965862057,1.78056115705986,0.9970512324831,1.08270537887911,-0.527852587346224,-1.55704081189004,1.23391447079513,-1.38011352170648,-0.506927324448143,-1.78056115705986,0.793829900974535,0.598042388813814,-0.118717480069017,0.167810311693646,-0.0333120489558946,"42nd percentile","52nd percentile","26th percentile","96th percentile","99th percentile","59th percentile","44th percentile","50th percentile","7th percentile","91st percentile","7th percentile"
"Federico Baschirotto","https://images.fotmob.com/image_resources/playerimages/799230.png","ITA","D (C)","DF","-","Lecce",26,1996,36.6,3294,21,12,8,15,53.3,7,42,26,16,23,44,144,1,93,70,57.1,1808,1516,83.8,21986,1143300,45.05,0.573770491803279,0.327868852459016,0.218579234972678,0.409836065573771,0.191256830601093,1.14754098360656,0.710382513661202,0.437158469945355,0.628415300546448,1.20218579234973,3.9344262295082,0.0273224043715847,2.54098360655738,1.91256830601093,49.3989071038251,41.4207650273224,1.56010928961749,0.522084159966587,0.298333805695192,0.198889203796795,0.37291725711899,0.174028053322196,1.04416831993317,0.646389912339583,0.39777840759359,0.571806460915785,1.09389062088237,3.58000566834231,0.0248611504745994,2.31208699413774,1.74028053322196,44.9489600580756,37.6895041194926,1.41957169209962,-1.77860395282545,-1.71258470267908,-1.76530392754911,-1.65967356991583,-1.11065637356161,-0.724174470751247,-0.323546651079854,-0.677890261541119,-1.21367362594787,-1.85913158373692,-0.0708274586974469,-0.248774448490892,0.179355573018029,0.53309947946814,-0.60331100221006,-0.601086807704447,-1.2749593830956,-0.871391432935665,-0.297324776691866,-0.107488363446993,1.11065637356161,-0.53309947946814,0.248774448490892,-4.91261650165734,-0.475630375904274,-4.29687440012013,-0.416015372959218,"0th percentile","0th percentile","0th percentile","25th percentile","38th percentile","25th percentile","5th percentile","44th percentile","18th percentile","38th percentile","50th percentile"
"Federico Fazio","https://images.fotmob.com/image_resources/playerimages/95509.png","ARG","D (CL)","DF","-","Salernitana",36,1987,15.1,1359,18,11,8,14,57.1,6,22,19,3,17,35,99,1,50,21,70.4,587,440,75,91709,4768900,44.45,1.19205298013245,0.728476821192053,0.529801324503311,0.927152317880795,0.397350993377483,1.45695364238411,1.25827814569536,0.198675496688742,1.12582781456954,2.31788079470199,6.55629139072848,0.0662251655629139,3.3112582781457,1.39072847682119,38.8741721854305,29.1390728476821,4.66225165562914,1.07295497761697,0.655694708543702,0.476868878940874,0.83452053814653,0.357651659205656,1.3113894170874,1.13256358748458,0.178825829602828,1.01334636774936,2.08630134536632,5.90125237689332,0.0596086098676093,2.98043049338046,1.25178080721979,34.9902539922866,26.2277883417481,4.19644613467969,-0.802083190510711,-0.722603161485101,-0.878820280650629,-0.752103065211182,-0.408802767560074,0.122945949055671,1.4696669198419,-1.73265994597167,-0.218361813971687,-0.662423724524985,2.69449656317796,0.513028277471622,0.986164516076969,-0.561416150407568,-1.12141010081803,-1.21830969304495,1.67657680516953,-0.523995747598782,-2.14320222571728,1.44534783883293,0.408802767560074,0.561416150407568,-0.513028277471622,0.662344636688011,0.116546717193348,0.138888346723146,0.0244389098520304,"20th percentile","25th percentile","18th percentile","60th percentile","91st percentile","2nd percentile","46th percentile","100th percentile","28th percentile","0th percentile","94th percentile"
"Federico Gatti","https://images.fotmob.com/image_resources/playerimages/1189288.png","ITA","D (CR)","DF","-","Juventus",25,1998,29.3,2637,33,19,19,24,79.2,5,26,15,11,19,52,90,1,50,31,61.7,1370,1166,85.1,51302,2667700,48.47,1.12627986348123,0.648464163822526,0.648464163822526,0.819112627986348,0.170648464163823,0.887372013651877,0.511945392491468,0.37542662116041,0.648464163822526,1.77474402730375,3.07167235494881,0.0341296928327645,1.70648464163823,1.0580204778157,46.7576791808874,39.7952218430034,2.10580204778157,1.09283899037573,0.629210327792088,0.629210327792088,0.794791993000532,0.165581665208444,0.861024659083909,0.496744995625332,0.364279663458577,0.629210327792088,1.72204931816782,2.98046997375199,0.0331163330416888,1.65581665208444,1.02660632429235,45.3693762671137,38.6136443266092,2.0432777486722,-0.766835087552773,-0.795971702545583,-0.39299985841499,-0.830214415912747,-1.1429405013392,-1.30476012254228,-0.875500220740783,-0.839265204482408,-1.08427479727839,-1.10166047693816,-0.785060225130649,-0.0677879622042978,-0.612878931593583,-1.06593432696879,-0.581438958040481,-0.55132109233021,-0.612023036897798,1.49638442238677,-0.0246383353585665,0.429582804258845,1.1429405013392,1.06593432696879,0.0677879622042978,-2.99469761328724,-0.215733611659988,-1.12257660654768,-0.0808687677250019,"23rd percentile","20th percentile","42nd percentile","7th percentile","21st percentile","21st percentile","12th percentile","20th percentile","94th percentile","50th percentile","67th percentile"
"Fikayo Tomori","https://images.fotmob.com/image_resources/playerimages/749662.png","ENG","D (C)","DF","-","Milan",25,1997,23.6,2124,42,24,18,29,62.1,11,34,23,11,26,68,75,1,29,26,52.7,1691,1541,91.1,88936,4624700,57.21,1.77966101694915,1.01694915254237,0.76271186440678,1.22881355932203,0.466101694915254,1.44067796610169,0.974576271186441,0.466101694915254,1.10169491525424,2.88135593220339,3.17796610169492,0.0423728813559322,1.22881355932203,1.10169491525424,71.6525423728814,65.2966101694915,2.23305084745763,2.07952911538812,1.18830235165035,0.891226763737765,1.43586534157751,0.544638577839745,1.68342833150467,1.13878975366492,0.544638577839745,1.28732754762122,3.36685666300934,3.71344484890736,0.0495125979854314,1.43586534157751,1.28732754762122,83.7258031933645,76.2989134955498,2.60931391383224,0.982256282280948,0.752856887925883,0.442576647543865,0.430216968425699,0.305906229069385,1.30235043740623,1.49263164677016,0.029585561979399,0.399241941351878,0.881746017872647,0.0881399488239364,0.291683479677851,-0.878399108801258,-0.481771350442382,1.4140441986098,1.47806185716254,-0.0103839423392439,-0.0668961616291989,1.23391447079513,-0.621208610817794,-0.305906229069385,0.481771350442382,-0.291683479677851,2.36758249107534,0.229687670767157,0.511942934909366,0.0496654206255881,"81st percentile","83rd percentile","73rd percentile","88th percentile","92nd percentile","50th percentile","73rd percentile","57th percentile","46th percentile","91st percentile","26th percentile"
"Francesco Acerbi","https://images.fotmob.com/image_resources/playerimages/73024.png","ITA","D (CL)","DF","-","Inter",35,1988,26.5,2385,22,13,11,14,78.6,3,20,13,7,32,54,77,1,70,37,65.4,1781,1615,90.7,55066,2863400,57.11,0.830188679245283,0.490566037735849,0.415094339622642,0.528301886792453,0.113207547169811,0.754716981132076,0.490566037735849,0.264150943396226,1.20754716981132,2.0377358490566,2.90566037735849,0.0377358490566038,2.64150943396226,1.39622641509434,67.2075471698113,60.9433962264151,2.46792452830189,0.967811470325581,0.571888596101479,0.48390573516279,0.615880026570824,0.131974291408034,0.879828609386891,0.571888596101479,0.307940013285412,1.40772577501903,2.37553724534461,3.38734014613953,0.0439914304693446,3.07940013285412,1.62768292736575,78.3487376659027,71.0461602079915,2.87703955269514,-0.988469571133608,-0.95476763078128,-0.856379582556169,-1.18197799807113,-1.27139597075761,-1.24514952126742,-0.598338928324933,-1.11067262785873,0.670641595189288,-0.313645878688792,-0.300351789209944,0.170637494223825,1.10563839486705,0.280817169087362,1.13430375998955,1.19519674316069,0.274181286651107,1.44153247207042,1.15001095038488,0.86157483045702,1.27139597075761,-0.280817169087362,-0.170637494223825,2.06092783221762,0.210075144184221,0.719748492078515,0.0733656297353568,"15th percentile","15th percentile","21st percentile","9th percentile","30th percentile","17th percentile","83rd percentile","38th percentile","92nd percentile","84th percentile","84th percentile"
"Gian Marco Ferrari","https://images.fotmob.com/image_resources/playerimages/506309.png","ITA","D (C)","DF","-","Sassuolo",31,1992,25.2,2268,22,10,12,18,66.7,6,28,17,11,25,47,76,0,39,38,50.6,1300,1073,82.5,21986,1143300,43.82,0.873015873015873,0.396825396825397,0.476190476190476,0.714285714285714,0.238095238095238,1.11111111111111,0.674603174603175,0.436507936507937,0.992063492063492,1.86507936507937,3.01587301587302,0,1.54761904761905,1.50793650793651,51.5873015873016,42.5793650793651,2.00793650793651,0.776981019060051,0.353173190481841,0.42380782857821,0.635711742867314,0.211903914289105,0.988884933349156,0.60039442381913,0.388490509530025,0.882932976204603,1.65991399526465,2.68411624766199,0,1.37737544287918,1.342058123831,45.9125147626394,37.8954833387016,1.78705634383812,-1.32675196288839,-1.56066551332044,-1.04803320389539,-1.14298633248267,-0.9658857190908,-0.899428917911799,-0.493197412593123,-0.722633252920478,-0.512337481936156,-1.17658694379144,-1.13810933219455,-0.793829900974535,-0.949006772976781,-0.359143909923729,-0.55318231876504,-0.589994656191915,-0.884360430688379,0.353635457462818,-0.570011218025165,-0.866393274335677,0.9658857190908,0.359143909923729,0.793829900974535,-5.43097534943297,-0.461457873671811,-4.75026270395606,-0.403619237008494,"7th percentile","4th percentile","13th percentile","21st percentile","36th percentile","23rd percentile","31st percentile","13th percentile","62nd percentile","28th percentile","17th percentile"
"Giangiacomo Magnani","https://images.fotmob.com/image_resources/playerimages/834956.png","ITA","D (CR)","DF","-","Hellas Verona",27,1995,27.2,2448,33,18,15,25,60,10,50,28,22,45,78,118,0,45,37,54.9,994,785,79,21986,1143300,44.21,1.21323529411765,0.661764705882353,0.551470588235294,0.919117647058824,0.367647058823529,1.83823529411765,1.02941176470588,0.808823529411765,1.65441176470588,2.86764705882353,4.33823529411765,0,1.65441176470588,1.36029411764706,36.5441176470588,28.8602941176471,2.01838235294118,1.08732326054638,0.593085414843478,0.494237845702898,0.823729742838164,0.329491897135266,1.64745948567633,0.922577311978744,0.724882173697584,1.4827135371087,2.57003679765507,3.88800438619613,0,1.4827135371087,1.21912001940048,32.7514945752454,25.8651139251184,1.80891051527261,-0.776612742358771,-0.89604699536944,-0.823430241828268,-0.773319135258123,-0.516436154118183,1.18832521970238,0.695148968346332,0.897880799551903,0.839677743918739,-0.079106753787486,0.296094441525593,-0.793829900974535,-0.82184504167326,-0.634594784600155,-1.23788097849096,-1.23784001068779,-0.861131660649529,-0.258877987736424,-1.30416702161482,-0.364348487132394,0.516436154118183,0.634594784600155,0.793829900974535,-0.00321942619856685,-0.014943765451332,-0.00281590675987655,-0.013070729862094,"21st percentile","17th percentile","25th percentile","84th percentile","78th percentile","89th percentile","86th percentile","63rd percentile","36th percentile","12th percentile","33rd percentile"
"Gianluca Mancini","https://images.fotmob.com/image_resources/playerimages/588687.png","ITA","D (CR)","DF","-","Roma",27,1996,31.9,2871,34,20,11,27,40.7,16,38,26,12,36,70,77,1,42,33,56,2011,1744,86.7,128353,6674400,54.84,1.06583072100313,0.626959247648903,0.344827586206897,0.846394984326019,0.501567398119122,1.19122257053292,0.815047021943574,0.376175548589342,1.12852664576803,2.19435736677116,2.41379310344828,0.0313479623824451,1.3166144200627,1.03448275862069,63.0407523510972,54.6708463949843,1.75548589341693,1.18006058569878,0.694153285705163,0.381784307137839,0.93710693570197,0.55532262856413,1.31889124283981,0.902399271416711,0.416491971423098,1.24947591426929,2.42953649996807,2.67249014996488,0.0347076642852581,1.45772189998084,1.14535292141352,69.7971128776541,60.5301665134902,1.94362919997446,-0.612218622083685,-0.616063019049402,-1.1820471907909,-0.550405216794746,0.346743241780985,0.14672756603267,0.620723844115458,-0.587740604495959,0.313917427769549,-0.248530366728675,-1.15195961666629,-0.032899642297252,-0.852014372802063,-0.799874798937254,0.689407699682532,0.628901775094415,-0.717939348085503,-2.02328238957901,0.31097574628242,-0.235918425289693,-0.346743241780985,0.799874798937254,0.032899642297252,-4.18461737045202,-0.380632781515127,-0.626965325789887,-0.0570287638611901,"33rd percentile","30th percentile","9th percentile","62nd percentile","75th percentile","31st percentile","65th percentile","12th percentile","2nd percentile","60th percentile","39th percentile"
"Gleison Bremer","https://images.fotmob.com/image_resources/playerimages/857269.png","BRA","D (C)	","DF","-","Juventus",26,1997,35.9,3231,58,42,21,29,72.4,8,45,27,18,40,98,147,0,102,56,64.6,1930,1661,86.1,183419,9537800,48.47,1.61559888579387,1.16991643454039,0.584958217270195,0.807799442896936,0.222841225626741,1.25348189415042,0.752089136490251,0.501392757660167,1.1142061281337,2.72980501392758,4.09470752089137,0,2.84122562674095,1.55988857938719,53.7604456824513,46.2674094707521,1.79944289693593,1.56762942537733,1.13517992872151,0.567589964360756,0.783814712688663,0.216224748327907,1.21626420934448,0.729758525606686,0.486505683737791,1.08112374163953,2.64875316701686,3.97312975052529,0,2.75686554118081,1.51357323829535,52.1642205341076,44.8936633715817,1.74601484274785,0.0748190764943849,0.605694124165609,-0.589508630034728,-0.851797139091729,-0.949370451696518,-0.178611475771829,-0.0160480423678311,-0.250460532611644,-0.0655792007275202,0.0158141247760403,0.397505124837775,-0.793829900974535,0.716282033500873,0.0251469372329063,-0.227938948435354,-0.213136866678963,-0.927983388151338,0.874728985468142,0.185120465667049,0.768171149116873,0.949370451696518,-0.0251469372329063,0.793829900974535,3.47836896035264,0.166269646538784,0.364693006810023,0.0174327042440378,"59th percentile","81st percentile","33rd percentile","47th percentile","54th percentile","41st percentile","55th percentile","68th percentile","81st percentile","57th percentile","80th percentile"
"Ilario Monterisi","https://images.fotmob.com/image_resources/playerimages/1117058.png","ITA","D (CR)","DF","-","Frosinone",21,2001,16.3,1467,23,13,12,26,46.2,14,22,18,4,8,31,63,0,41,28,59.4,997,802,80.4,6536,339900,49.68,1.41104294478528,0.797546012269939,0.736196319018405,1.59509202453988,0.858895705521472,1.34969325153374,1.10429447852761,0.245398773006135,0.49079754601227,1.90184049079755,3.86503067484663,0,2.51533742331288,1.71779141104294,61.1656441717791,49.2024539877301,3.6441717791411,1.40206969871351,0.792474177533723,0.731514625415744,1.58494835506745,0.853433729651701,1.34111014659553,1.09727193812362,0.243838208471915,0.487676416943829,1.88974611565734,3.84045178343266,0,2.49934163683713,1.7068674593034,60.7766734616247,48.8895607986189,3.62099739580793,-0.218666265822257,-0.343688880613597,-0.0667490747783773,0.723333051774938,1.48619560293432,0.217163947282662,1.3394964317845,-1.4194730131066,-1.40331815232343,-0.899441707461701,0.239444558408847,-0.793829900974535,0.405405082784118,0.45823529900003,0.220121680031109,0.00204551851240192,1.06493309840782,-1.52047284501247,-1.01050470017896,0.161047220405926,-1.48619560293432,-0.45823529900003,0.793829900974535,-2.63321178208579,-0.397049454060192,-7.7470190705672,-1.16813608137744,"41st percentile","39th percentile","54th percentile","65th percentile","89th percentile","7th percentile","4th percentile","62nd percentile","9th percentile","20th percentile","60th percentile"
"Isak Hien","https://images.fotmob.com/image_resources/playerimages/939780.png","SWE","D (C)","DF","-","Hellas Verona | Atalanta",24,1999,20,1800,35,22,17,34,50,17,24,10,14,21,56,66,1,70,39,64.2,866,741,85.6,48331,2513200,47.66,1.75,1.1,0.85,1.7,0.85,1.2,0.5,0.7,1.05,2.8,3.3,0.05,3.5,1.95,43.3,37.05,3.21,1.67176155903707,1.05082155139473,0.811998471532289,1.62399694306458,0.811998471532289,1.1463507833397,0.477646159724876,0.668704623614826,1.00305693542224,2.6748184944593,3.15246465418418,0.0477646159724876,3.34352311807413,1.86282002292702,41.3641574321742,35.3935804356133,3.0664883454337,0.259412609650841,0.371999739209356,0.189915781689387,0.800107520616824,1.32782007606894,-0.400244765276369,-0.945944782995809,0.627254267922882,-0.241556078805309,0.0472452464212891,-0.58016127161493,0.253360750889745,1.42448160466019,0.807657231745342,-0.789809428501332,-0.724724199187946,0.475546158975506,-1.17307715967559,0.0802410651542412,0.721469308446801,-1.32782007606894,-0.807657231745342,-0.253360750889745,-0.0812411881464282,-0.0915553390522557,-0.032325795060651,-0.0364297863489797,"70th percentile","71st percentile","62nd percentile","36th percentile","15th percentile","76th percentile","42nd percentile","23rd percentile","13th percentile","54th percentile","78th percentile"
"Jaka Bijol","https://images.fotmob.com/image_resources/playerimages/861805.png","SVN","D (C)","DF","-","Udinese",24,1999,23.2,2088,43,27,22,35,62.9,13,36,21,15,23,66,140,1,84,26,76.4,822,645,78.5,20402,1060900,39,1.85344827586207,1.16379310344828,0.948275862068966,1.50862068965517,0.560344827586207,1.55172413793103,0.905172413793103,0.646551724137931,0.991379310344828,2.8448275862069,6.03448275862069,0.0431034482758621,3.62068965517241,1.12068965517241,35.4310344827586,27.801724137931,3.29310344827586,1.5192198982476,0.953928773318259,0.777275296777841,1.23657433578293,0.459299039005088,1.27190503109101,0.741944601469757,0.529960429621255,0.812605992085924,2.33182589033352,4.94629734313171,0.0353306953080837,2.96777840587903,0.918598078010175,29.0418315432448,22.788298473714,2.69926512153759,-0.0109957948354317,0.103581842886291,0.0791827701040531,0.0383856142172431,-0.0202820231296615,-0.00222391963092142,0.0288993452245216,-0.04112411363399,-0.670867383561482,-0.366355629589327,1.55684924419899,-0.0192403204406681,0.970891206235414,-1.30793387664875,-1.430875235006,-1.40352907045871,0.0852250778776863,0.00623977212593413,-1.40904642212763,2.14587544888402,0.0202820231296615,1.30793387664875,0.0192403204406681,2.59596162295102,0.137589087878667,2.44694280606186,0.129690911375876,"54th percentile","62nd percentile","55th percentile","50th percentile","60th percentile","47th percentile","25th percentile","97th percentile","49th percentile","9th percentile","99th percentile"
"Jhon Lucumi","https://images.fotmob.com/image_resources/playerimages/860913.png","COL","D (C)","DF","-","Bologna",25,1998,24.6,2214,48,29,27,36,75,9,32,17,15,16,64,68,2,29,28,50.9,1857,1734,93.4,19016,988800,57.87,1.95121951219512,1.17886178861789,1.09756097560976,1.46341463414634,0.365853658536585,1.30081300813008,0.691056910569106,0.609756097560976,0.650406504065041,2.60162601626016,2.76422764227642,0.0813008130081301,1.17886178861789,1.13821138211382,75.4878048780488,70.4878048780488,2.06910569105691,2.31571268952661,1.39907641658899,1.30258838785872,1.73678451714496,0.434196129286239,1.54380845968441,0.820148244207341,0.723660215477066,0.771904229842203,3.08761691936881,3.28059297682936,0.0964880287302754,1.39907641658899,1.35083240222386,89.5891346760607,83.6551209091488,2.45562033118551,1.40093550157174,1.33675521588631,1.75441843078149,1.0218621738868,-0.116231384446999,0.859740008479271,0.317347364156707,0.891994207585408,-0.762616609627907,0.545022131708774,-0.427520741339496,1.32157204764275,-0.922809855251087,-0.339484564522536,1.71908249735629,1.87419971758663,-0.173744648941609,1.11242077017232,1.71635971315404,-0.831366893833123,0.116231384446999,0.339484564522536,-1.32157204764275,1.17317140894586,0.248627360764825,1.18645975823812,0.251443528281579,"92nd percentile","89th percentile","96th percentile","83rd percentile","65th percentile","88th percentile","23rd percentile","30th percentile","83rd percentile","100th percentile","18th percentile"
"Joao Ferreira","https://images.fotmob.com/image_resources/playerimages/1713081.png","POR","D (RC)","DF","-","Udinese",22,2001,20.2,1818,58,42,34,58,58.6,24,27,6,21,29,87,89,0,18,14,56.3,858,649,75.6,4556,236900,39,2.87128712871287,2.07920792079208,1.68316831683168,2.87128712871287,1.18811881188119,1.33663366336634,0.297029702970297,1.03960396039604,1.43564356435644,4.30693069306931,4.40594059405941,0,0.891089108910891,0.693069306930693,42.4752475247525,32.1287128712871,2.78712871287129,2.35351403992858,1.70426878753449,1.37964616133745,2.35351403992858,0.973867878591138,1.09560136341503,0.243466969647784,0.852134393767246,1.17675701996429,3.53027105989288,3.61142671644214,0,0.730400908943353,0.56808959584483,34.8157766596332,26.3350105502354,2.28453173186171,1.46794541084322,2.1822165166077,2.00015746195308,2.23443051398402,1.94652389957237,-0.561126036887693,-1.80969640745073,1.51089840015593,0.149995722538732,1.07880081407167,-0.0333952552255474,-0.793829900974535,-1.73001959123903,-2.09327108711893,-1.13048723876929,-1.2125356883341,-0.355594495863244,-0.386865871807907,-2.01734694510191,-0.200892044787139,-1.94652389957237,2.09327108711893,0.793829900974535,-2.25554668109984,-0.221757304173983,-9.52109194216903,-0.936079798117279,"94th percentile","99th percentile","97th percentile","31st percentile","2nd percentile","96th percentile","63rd percentile","49th percentile","30th percentile","2nd percentile","44th percentile"
"Johan Vasquez","https://images.fotmob.com/image_resources/playerimages/914103.png","MEX","D (LC)","DF","-","Genoa",24,1998,31.7,2853,51,33,32,50,64,18,50,26,24,45,96,113,0,77,55,58.3,1394,1069,76.7,20402,1060900,44.13,1.60883280757098,1.0410094637224,1.00946372239748,1.57728706624606,0.56782334384858,1.57728706624606,0.82018927444795,0.757097791798107,1.41955835962145,3.02839116719243,3.56466876971609,0,2.42902208201893,1.73501577287066,43.9747634069401,33.7223974763407,1.8391167192429,1.43980025735724,0.931635460642919,0.903404083047679,1.411568879762,0.508164796714319,1.411568879762,0.734015817476239,0.677553062285759,1.2704119917858,2.71021224914304,3.19014566826212,0,2.17381607483348,1.5527257677382,39.3545403677645,30.1793426493115,1.64588931380249,-0.151781848080747,0.041823637484599,0.481410401938693,0.382447047762751,0.166494661127309,0.440525920774568,-0.000345354324138904,0.669880232642225,0.361111180646979,0.0899251402919114,-0.535271509137513,-0.793829900974535,0.0124380906364946,0.112870743702714,-0.8943592347452,-1.00551522155492,-1.03440668101612,0.106801681039243,-1.78661226397373,0.0326171585632254,-0.166494661127309,-0.112870743702714,0.793829900974535,-0.497332731013432,-0.0770778836363447,-0.468783797731579,-0.072653297800306,"46th percentile","59th percentile","75th percentile","68th percentile","55th percentile","78th percentile","70th percentile","26th percentile","54th percentile","5th percentile","55th percentile"
"Juan Jesus","https://images.fotmob.com/image_resources/playerimages/197352.png","BRA","D (CL)","DF","-","Napoli",32,1991,23.5,2115,42,19,23,33,69.7,10,23,12,11,23,65,67,1,47,47,50,1709,1547,90.5,36644,1905500,61.24,1.78723404255319,0.808510638297872,0.978723404255319,1.40425531914894,0.425531914893617,0.978723404255319,0.51063829787234,0.468085106382979,0.978723404255319,2.76595744680851,2.85106382978723,0.0425531914893617,2,2,72.7234042553192,65.8297872340426,2.12765957446809,2.30551347078585,1.04297037964122,1.26254309114463,1.81147486990317,0.548931778758536,1.26254309114463,0.658718134510243,0.60382495663439,1.26254309114463,3.56805656193048,3.67784291768219,0.0548931778758536,2.57997936016512,2.57997936016512,93.8124409898338,84.9197461739455,2.74465889379268,1.38285549344529,0.350249975732818,1.62671304853067,1.16871286567227,0.322315876029779,-0.0319023042421735,-0.278074967951038,0.314706653755025,0.343373237520648,1.12436481911221,0.0457270181865188,0.409647224348268,0.502749092866739,2.41449969641223,1.93879891230581,1.9423008352507,0.133474058630402,0.627895209044567,1.10805919017976,-0.936446035340786,-0.322315876029779,-2.41449969641223,-0.409647224348268,2.70119766735845,0.276021692442053,1.41757946332115,0.144855257119944,"91st percentile","70th percentile","94th percentile","49th percentile","41st percentile","62nd percentile","68th percentile","54th percentile","78th percentile","81st percentile","15th percentile"
"Koni De Winter","https://images.fotmob.com/image_resources/playerimages/1200630.png","BEL","D (RC)","DF","-","Genoa",21,2002,26.4,2376,44,25,21,31,67.7,10,30,10,20,21,65,78,0,58,38,60.4,1269,1122,88.4,14658,762200,44.13,1.66666666666667,0.946969696969697,0.795454545454546,1.17424242424242,0.378787878787879,1.13636363636364,0.378787878787879,0.757575757575758,0.795454545454546,2.46212121212121,2.95454545454545,0,2.1969696969697,1.43939393939394,48.0681818181818,42.5,2.28787878787879,1.49155778294851,0.847476013038927,0.711879850952699,1.05087025616827,0.338990405215571,1.01697121564671,0.338990405215571,0.677980810431142,0.711879850952699,2.20343763390121,2.64412516068145,0,1.96614435025031,1.28816353981917,43.0178824218559,38.034723465187,2.04750204750205,-0.0600320281111716,-0.191319661015385,-0.129364827037992,-0.32673212256837,-0.48013057066271,-0.81039229803373,-1.45736568746648,0.671940842206455,-0.897922552285943,-0.521173823017213,-1.18575110722899,-0.793829900974535,-0.238258452090439,-0.479898255170453,-0.703774815084747,-0.582496460084887,-0.607533035234361,0.445055374656734,0.667565708025966,0.277801822081108,0.48013057066271,0.479898255170453,0.793829900974535,-0.983136179238218,-0.229678413573272,-1.28986641201551,-0.301336150056772,"50th percentile","46th percentile","50th percentile","23rd percentile","7th percentile","80th percentile","15th percentile","10th percentile","71st percentile","70th percentile","63rd percentile"
"Leo Skiri Ostigard
","https://images.fotmob.com/image_resources/playerimages/740944.png","NOR","D (C)	","DF","-","Napoli",23,1999,18.1,1629,24,12,6,11,54.5,5,18,12,6,16,40,65,0,58,25,69.9,1339,1172,87.5,30503,1586200,61.24,1.32596685082873,0.662983425414365,0.331491712707182,0.607734806629834,0.276243093922652,0.994475138121547,0.662983425414365,0.331491712707182,0.883977900552486,2.20994475138122,3.59116022099448,0,3.20441988950276,1.38121546961326,73.9779005524862,64.7513812154696,3.86187845303867,1.71048355370063,0.855241776850316,0.427620888425158,0.783971628779456,0.356350740354298,1.28286266527547,0.855241776850316,0.427620888425158,1.14032236913375,2.85080592283439,4.63255962460588,0,4.13366858810986,1.78175370177149,95.430728266881,83.5286135390475,4.98178335015309,0.328054531741569,-0.169806499488014,-1.03587326739207,-0.851488622186476,-0.413775192442745,0.0325129921222473,0.446787114197059,-0.534128793289917,0.0678653470605083,0.259461351571171,1.18309041606071,-0.793829900974535,2.37832709319215,0.626022829844258,2.02298988791931,1.86738719095407,2.5113106973175,-0.761687532302965,0.478782787102911,1.38697053799534,0.413775192442745,-0.626022829844258,0.793829900974535,5.7678914027319,0.229002138680857,3.63629517257086,0.144371541218545,"73rd percentile","47th percentile","15th percentile","55th percentile","70th percentile","33rd percentile","57th percentile","88th percentile","23rd percentile","63rd percentile","91st percentile"
"Lorenzo Pirola","https://images.fotmob.com/image_resources/playerimages/1050165.png","ITA","D (CL)","DF","-","Salernitana",21,2002,22.1,1989,39,23,15,28,53.6,13,46,30,16,25,64,93,1,58,35,62.4,1040,868,83.5,11092,576800,44.45,1.76470588235294,1.04072398190045,0.678733031674208,1.26696832579186,0.588235294117647,2.0814479638009,1.35746606334842,0.723981900452489,1.13122171945701,2.89592760180995,4.20814479638009,0.0452488687782805,2.62443438914027,1.58371040723982,47.0588235294118,39.2760180995475,2.82352941176471,1.588394133531,0.936745258236231,0.610920820588846,1.14038553176585,0.529464711177,1.87349051647246,1.22184164117769,0.651648875294769,1.01820136764808,2.60659550117908,3.78770908765085,0.0407280547059231,2.36222717294354,1.42548191470731,42.35717689416,35.3519514847412,2.5414306136496,0.111628375491121,0.0559790900153441,-0.451325522106417,-0.150733755156372,0.247908059482227,1.90486857550972,1.79896203731249,0.545090876934939,-0.207417755073383,-0.0350220953387113,0.176611666460473,0.0990912978732915,0.239883646849717,-0.172227442713262,-0.73814784869807,-0.72696595266266,-0.0825370127106048,-0.84396545777749,-0.36025241699955,0.511311025431472,-0.247908059482227,0.172227442713262,-0.0990912978732915,1.8727607007565,0.1047507725558,3.24681120103415,0.181606748536408,"63rd percentile","60th percentile","38th percentile","97th percentile","97th percentile","75th percentile","47th percentile","60th percentile","21st percentile","34th percentile","68th percentile"
"Luca Caldirola","https://images.fotmob.com/image_resources/playerimages/154245.png","ITA","D (LC)","DF","-","Monza",32,1991,23.8,2142,25,14,13,22,59.1,9,26,17,9,29,54,53,0,30,23,56.6,1374,1247,90.8,24958,1297800,53.39,1.05042016806723,0.588235294117647,0.546218487394958,0.92436974789916,0.378151260504202,1.09243697478992,0.714285714285714,0.378151260504202,1.21848739495798,2.26890756302521,2.22689075630252,0,1.26050420168067,0.966386554621849,57.7310924369748,52.3949579831933,2.3781512605042,1.12681845963015,0.631018337392885,0.585945599007679,0.991600244474533,0.405654645466854,1.17189119801536,0.766236552548503,0.405654645466854,1.30710941317098,2.43392787280113,2.38885513441592,0,1.35218215155618,1.03667298285974,61.9299425412731,56.2057047663519,2.55111699260266,-0.706600171931528,-0.790963051300235,-0.530972084387978,-0.443264471097162,-0.225323803381324,-0.319278827210497,0.118498306594825,-0.639947721597909,0.443833889078181,-0.243234988260468,-1.48985679883705,-0.793829900974535,-0.979419536424792,-1.04337931914351,0.280120204605589,0.396025929202648,-0.0722413732769943,-0.341155913210949,1.17098683048744,-0.165865664284584,0.225323803381324,1.04337931914351,0.793829900974535,-1.79569687915183,-0.239846283746442,-1.38364684785932,-0.184809896552968,"26th percentile","23rd percentile","36th percentile","42nd percentile","62nd percentile","26th percentile","76th percentile","7th percentile","33rd percentile","86th percentile","47th percentile"
"Luca Ranieri","https://images.fotmob.com/image_resources/playerimages/935406.png","ITA","D (C)","DF","-","Fiorentina",24,1999,22.9,2061,14,10,8,13,61.5,5,25,11,14,29,43,64,0,40,38,51.3,1362,1142,83.8,33078,1720100,57.58,0.611353711790393,0.436681222707424,0.349344978165939,0.567685589519651,0.218340611353712,1.09170305676856,0.480349344978166,0.611353711790393,1.26637554585153,1.87772925764192,2.79475982532751,0,1.74672489082969,1.65938864628821,59.4759825327511,49.8689956331878,2.24017467248908,0.720596077074956,0.514711483624969,0.411769186899975,0.669124928712459,0.257355741812484,1.28677870906242,0.566182631987466,0.720596077074956,1.49266330251241,2.21325937958737,3.2941534951998,0,2.05884593449988,1.95590363777488,70.1037040697208,58.7800514299715,2.64046991099609,-1.4267047372343,-1.11316292662738,-1.08642471209862,-1.07729177789942,-0.792157897478964,0.0449272838533663,-0.619384930623166,0.877233201685853,0.862106337301672,-0.509330178078858,-0.411365962504179,-0.793829900974535,-0.126351225801823,1.01621716722393,0.705358026883829,0.5346566286893,0.0227317260181498,-0.121748111945549,-0.297324776691866,-0.78466505316305,0.792157897478964,-1.01621716722393,0.793829900974535,-1.25437535800187,-0.133452151985426,-0.72924560083825,-0.0775839497618895,"2nd percentile","10th percentile","12th percentile","57th percentile","28th percentile","86th percentile","88th percentile","31st percentile","44th percentile","38th percentile","21st percentile"
"Lucas Martinez Quarta","https://images.fotmob.com/image_resources/playerimages/638771.png","ARG","D (CR)	","DF","-","Fiorentina",27,1996,25.5,2295,75,47,36,54,66.7,18,38,14,24,30,105,69,4,49,55,47.1,1668,1362,81.7,38031,1977600,57.58,2.94117647058824,1.84313725490196,1.41176470588235,2.11764705882353,0.705882352941177,1.49019607843137,0.549019607843137,0.941176470588235,1.17647058823529,4.11764705882353,2.70588235294118,0.156862745098039,1.92156862745098,2.15686274509804,65.4117647058823,53.4117647058824,1.84705882352941,3.46673322794464,2.17248615617864,1.66403194941343,2.49604792412014,0.832015974706714,1.75647816882529,0.647123535883,1.10935463294229,1.38669329117786,4.8534265191225,3.18939456970907,0.184892438823714,2.2649323755905,2.54227103382607,77.1001469894889,62.9558754194747,2.17710846714924,3.44133302781947,3.479298957718,2.90707035192977,2.51467017979681,1.40433178990074,1.53392649751856,-0.320840738026026,2.75001653703055,0.623230524800572,2.6743403401511,-0.536166300227093,3.25974887474734,0.122431599053214,2.33001172158303,1.06934615408103,0.759528208255065,-0.469774542464797,0.353635457462818,-0.737818258845657,-1.27503438019881,-1.40433178990074,-2.33001172158303,-3.25974887474734,1.1610385941217,0.551748532079195,0.587094758354417,0.278999055460758,"100th percentile","100th percentile","100th percentile","92nd percentile","39th percentile","99th percentile","81st percentile","25th percentile","62nd percentile","23rd percentile","9th percentile"
"Malick Thiaw","https://images.fotmob.com/image_resources/playerimages/1137407.png","GER","D (C)","DF","-","Milan",21,2001,18,1620,34,17,12,25,48,13,23,13,10,13,47,55,0,37,21,63.8,1184,1084,91.6,20402,1060900,57.21,1.88888888888889,0.944444444444444,0.666666666666667,1.38888888888889,0.722222222222222,1.27777777777778,0.722222222222222,0.555555555555556,0.722222222222222,2.61111111111111,3.05555555555556,0,2.05555555555556,1.16666666666667,65.7777777777778,60.2222222222222,3.54444444444444,2.20716159019501,1.1035807950975,0.778998208304121,1.62291293396692,0.843914725662798,1.49307989924957,0.843914725662798,0.649165173586767,0.843914725662798,3.05107631585781,3.57040845472722,0,2.40191114227104,1.36324686453221,76.8611565526733,70.3695048168056,4.14167380748358,1.20850853163071,0.518156403177842,0.0846771750180408,0.797976221459511,1.44981167918437,0.698924863756769,0.405008171925195,0.533126033721814,-0.600291764314403,0.50095929933188,-0.0822607136182206,-0.793829900974535,0.287789224424396,-0.311669148648714,1.05691273862805,1.15875829005056,1.61835937072023,-1.35591699406342,1.33879387130793,0.674767467776727,-1.44981167918437,0.311669148648714,0.793829900974535,3.20335372976526,-0.00875690939513441,3.01946812118509,-0.00825422697250864,"89th percentile","78th percentile","57th percentile","80th percentile","68th percentile","71st percentile","28th percentile","42nd percentile","10th percentile","96th percentile","76th percentile"
"Marin Pongracic","https://images.fotmob.com/image_resources/playerimages/831474.png","CRO","D (C)","DF","-","Lecce",25,1997,35.8,3222,43,30,19,25,76,6,37,26,11,51,94,130,1,59,38,60.8,1872,1583,84.6,49519,2575000,45.05,1.20111731843575,0.837988826815643,0.53072625698324,0.698324022346369,0.167597765363129,1.03351955307263,0.726256983240223,0.307262569832402,1.42458100558659,2.62569832402235,3.63128491620112,0.0279329608938548,1.64804469273743,1.06145251396648,52.2905027932961,44.2178770949721,1.69832402234637,1.0929183971208,0.762501207293578,0.482917431285933,0.635417672744649,0.152500241458716,0.94041815566208,0.660834379654434,0.279583776007645,1.29625205239908,2.38917044951988,3.30417189827217,0.0254167069097859,1.49958570767737,0.965834862571866,47.5800753351193,40.2346470381911,1.54533578011499,-0.766694324359773,-0.426721711110665,-0.859531306596951,-1.14356451158281,-1.19294085062005,-1.05307396127927,-0.27026936327524,-1.24727435102442,0.41935940952174,-0.297206150479212,-0.399430940442629,-0.236594438379526,-0.801477344345394,-1.20209676711553,-0.466427912743963,-0.464028754063532,-1.1412848995577,1.20384068736624,-0.129517735871374,0.324503662751181,1.19294085062005,1.20209676711553,0.236594438379526,-1.43036586130015,-0.0499388861834751,-0.555481887883551,-0.0193937422071748,"25th percentile","36th percentile","20th percentile","15th percentile","42nd percentile","10th percentile","75th percentile","33rd percentile","88th percentile","46th percentile","65th percentile"
"Mario Gila","https://images.fotmob.com/image_resources/playerimages/1106074.png","ESP","D (CL)","DF","-","Lazio",22,2000,20.1,1809,32,14,19,34,55.9,15,27,14,13,20,52,69,0,29,43,40.3,1294,1161,89.7,25353,1318400,52.82,1.59203980099502,0.696517412935323,0.945273631840796,1.69154228855721,0.746268656716418,1.34328358208955,0.696517412935323,0.646766169154229,0.99502487562189,2.58706467661692,3.43283582089552,0,1.44278606965174,2.13930348258706,64.3781094527363,57.7611940298507,2.00497512437811,1.68719775433979,0.738149017523658,1.00177366663925,1.79264761398603,0.790873947346776,1.4235731052242,0.738149017523658,0.685424087700539,1.05449859646237,2.74169635080216,3.63802015779517,0,1.52902296487043,2.26717198239409,68.2260591911152,61.2136435246405,2.12481467187167,0.286776130682049,-0.494183535187414,0.795113291047196,1.13169609638742,1.24707706155654,0.478580642580928,0.0148996307404161,0.707797662384671,-0.125597153986734,0.127890542081869,-0.00171422712673611,-0.793829900974535,-0.765941362639281,1.71363427953109,0.60767403935725,0.66570757808817,-0.525357548601744,-0.633699648231482,0.940252149359266,-2.06896567159005,-1.24707706155654,-1.71363427953109,0.793829900974535,-0.852362589433349,-0.162524271381044,-0.646512886402722,-0.123273870889748,"71st percentile","34th percentile","84th percentile","71st percentile","59th percentile","81st percentile","50th percentile","52nd percentile","26th percentile","76th percentile","2nd percentile"
"Marten de Roon","https://images.fotmob.com/image_resources/playerimages/198559.png","NED","DM (C), D (R)	","MF","DF","Atalanta",32,1991,28.9,2601,80,43,35,82,42.7,47,36,10,26,40,120,54,0,35,27,56.5,1712,1446,84.5,36644,1905500,51.11,2.7681660899654,1.4878892733564,1.21107266435986,2.83737024221453,1.62629757785467,1.24567474048443,0.346020761245675,0.899653979238754,1.3840830449827,4.1522491349481,1.86851211072664,0,1.21107266435986,0.934256055363322,59.2387543252595,50.0346020761246,1.95501730103806,2.83101461440519,1.52167035524279,1.23856889380227,2.90178997976532,1.66322108596305,1.27395657648234,0.353876826800649,0.920079749681688,1.4155073072026,4.24652192160779,1.91093486472351,0,1.23856889380227,0.955467432361753,60.5837127482711,51.1705891553739,1.99940407142367,2.31440380009405,1.67637193210268,1.55025877581989,3.31241044152565,4.5813977333308,0.00427970606203404,-1.40245828590702,1.83821448966743,0.688182593811865,1.94249869060084,-2.05920791410329,-0.793829900974535,-1.11657085533457,-1.22532567350505,0.21008294899569,0.124880784296392,-0.658656310669799,-1.84044255519118,-0.150493615973934,-0.177541124452102,-4.5813977333308,1.22532567350505,0.793829900974535,-1.11208356641421,-0.247608694473141,-0.583617720500765,-0.129944211216553,"99th percentile","94th percentile","91st percentile","52nd percentile","9th percentile","97th percentile","84th percentile","2nd percentile","4th percentile","44th percentile","46th percentile"
"Martin Erlic","https://images.fotmob.com/image_resources/playerimages/616170.png","CRO","D (C)","DF","-","Sassuolo",25,1998,29.1,2619,37,22,20,30,66.7,10,31,16,15,28,65,128,1,55,48,53.4,1214,972,80.1,5547,288400,43.82,1.27147766323024,0.756013745704467,0.687285223367698,1.03092783505155,0.343642611683849,1.06529209621993,0.549828178694158,0.515463917525773,0.962199312714777,2.23367697594502,4.39862542955326,0.0343642611683849,1.89003436426117,1.64948453608247,41.7182130584192,33.4020618556701,1.83505154639175,1.13161059383254,0.672849542278807,0.611681402071643,0.917522103107464,0.305840701035821,0.948106173211046,0.489345121657314,0.458761051553732,0.8563539629003,1.98796455673284,3.91476097325851,0.0305840701035821,1.68212385569702,1.46803536497194,37.1290611057487,29.7277161406818,1.63318934353129,-0.698105224668956,-0.675079863316122,-0.448900010074706,-0.58891147776149,-0.606836716664481,-1.02870209572329,-0.902794077033194,-0.384115944217056,-0.572251445505516,-0.78100407125446,0.327969826711677,-0.123305253045182,-0.581121478778455,-0.0768836504025686,-1.01013921579937,-1.02983568300747,-1.0479054626933,0.353635457462818,-1.07343234048664,-0.539480389645167,0.606836716664481,0.0768836504025686,0.123305253045182,-3.94639036311531,-0.269653528298423,-13.683739123146,-0.934998364418942,"28th percentile","28th percentile","39th percentile","18th percentile","18th percentile","36th percentile","30th percentile","65th percentile","62nd percentile","18th percentile","28th percentile"
"Matteo Gabbia","https://images.fotmob.com/image_resources/playerimages/844996.png","ITA","D (C)","DF","-","Milan",23,1999,14.2,1278,29,20,18,24,75,6,11,6,5,10,39,48,0,35,18,66,902,815,90.4,29316,1524400,57.21,2.04225352112676,1.40845070422535,1.26760563380282,1.69014084507042,0.422535211267606,0.774647887323944,0.422535211267606,0.352112676056338,0.704225352112676,2.74647887323944,3.38028169014085,0,2.46478873239437,1.26760563380282,63.5211267605634,57.3943661971831,4.64788732394366,2.38636775079079,1.64577086261434,1.48119377635291,1.97492503513721,0.493731258784302,0.905173974437887,0.493731258784302,0.411442715653585,0.82288543130717,3.20925318209796,3.94985007027442,0,2.8800990095751,1.48119377635291,74.2242659039067,67.0651626515344,5.43104384662732,1.52618471078086,2.02016223084927,2.32399516715973,1.49007658870583,0.111326206097775,-1.16480191207485,-0.886616153336086,-0.612064601790216,-0.647695645018598,0.691698369663411,0.369771812914413,-0.793829900974535,0.865046650045109,-0.0474013679074177,0.919729186946882,0.980816728337686,2.98882908740706,1.11242077017232,1.0870833100772,0.931627591462128,-0.111326206097775,0.0474013679074177,0.793829900974535,4.53958834628167,0.191554724445005,2.97795089627504,0.125659095017715,"96th percentile","97th percentile","99th percentile","12th percentile","20th percentile","28th percentile","26th percentile","67th percentile","83rd percentile","80th percentile","86th percentile"
"Matteo Lovato","https://images.fotmob.com/image_resources/playerimages/1047570.png","ITA","D (CR)","DF","-","Torino | Salernitana",23,2000,16.5,1485,37,21,20,29,69,9,23,12,11,31,68,51,1,26,27,49.1,672,566,84.2,18422,957900,47.18,2.24242424242424,1.27272727272727,1.21212121212121,1.75757575757576,0.545454545454545,1.39393939393939,0.727272727272727,0.666666666666667,1.87878787878788,4.12121212121212,3.09090909090909,0.0606060606060606,1.57575757575758,1.63636363636364,40.7272727272727,34.3030303030303,2.97575757575758,2.1227037508749,1.20477780455062,1.14740743290535,1.66374077771276,0.516333344807408,1.31951854784115,0.68844445974321,0.631074088097943,1.77848152100329,3.90118527187819,2.92588895390864,0.0573703716452675,1.49162966277696,1.54900003442222,38.5528897456198,32.4716303512214,2.81688524778264,1.0587913366119,0.798498126584233,1.25954275756924,0.878248932415834,0.197716817490851,0.148716192236756,-0.168431742604677,0.445975068397903,1.50639294546366,1.52607122502682,-0.850083130604361,0.463957179644065,-0.811081699268134,0.104522994195347,-0.936064900319415,-0.882073630711204,0.210243355174373,0.563901267008825,-0.213421256281618,-1.04152517684845,-0.197716817490851,-0.104522994195347,-0.463957179644065,0.0265604322309915,0.184073399360274,0.0277277714072362,0.192163481950385,"83rd percentile","84th percentile","88th percentile","63rd percentile","50th percentile","67th percentile","92nd percentile","18th percentile","76th percentile","42nd percentile","13th percentile"
"Mattia Bani","https://images.fotmob.com/image_resources/playerimages/415017.png","ITA","D (CR)","DF","-","Genoa",29,1993,25.6,2304,26,10,11,22,50,11,51,31,20,22,48,116,1,49,42,53.8,1152,962,83.5,25750,1339000,44.13,1.015625,0.390625,0.4296875,0.859375,0.4296875,1.9921875,1.2109375,0.78125,0.859375,1.875,4.53125,0.0390625,1.9140625,1.640625,45,37.578125,2.1015625,0.908918023984249,0.349583855378557,0.384542240916413,0.769084481832826,0.384542240916413,1.78287766243064,1.08370995167353,0.699167710757115,0.769084481832826,1.67800250581708,4.05517272239127,0.0349583855378557,1.71296089135493,1.46825219258994,40.2720601396098,33.6299668874172,1.88076114193664,-1.09286913501299,-1.57060889400111,-1.17325207585069,-0.880758638287507,-0.306020493732208,1.61761581076448,1.28947410561947,0.774005409684766,-0.768972838039187,-1.15477474224477,0.495243723708487,-0.0274028336953542,-0.543895716615102,-0.0763978339235485,-0.846625506727957,-0.819696249093145,-0.784761724185505,-1.17307715967559,-0.36025241699955,-0.492778548975094,0.306020493732208,0.0763978339235485,0.0274028336953542,-1.84571974260944,-0.189244467132919,-1.378431473196,-0.141332686432352,"12th percentile","2nd percentile","10th percentile","94th percentile","88th percentile","83rd percentile","21st percentile","73rd percentile","13th percentile","34th percentile","30th percentile"
"Nehuen Perez","https://images.fotmob.com/image_resources/playerimages/902383.png","ARG","D (CR)","DF","-","Udinese",23,2000,36,3240,72,48,39,48,81.3,9,53,26,27,45,117,158,1,81,44,64.8,1599,1267,79.2,16441,854900,39,2,1.33333333333333,1.08333333333333,1.33333333333333,0.25,1.47222222222222,0.722222222222222,0.75,1.25,3.25,4.38888888888889,0.0277777777777778,2.25,1.22222222222222,44.4166666666667,35.1944444444444,1.8,1.63934426229508,1.09289617486339,0.887978142076503,1.09289617486339,0.204918032786885,1.20673952641166,0.591985428051002,0.614754098360656,1.02459016393443,2.66393442622951,3.59744990892532,0.0227686703096539,1.84426229508197,1.00182149362477,36.4071038251366,28.8479052823315,1.47540983606557,0.201946934736916,0.488557259225245,0.432216717537554,-0.244103844545949,-0.992587439165636,-0.208805773641658,-0.524213335708941,0.367356078920491,-0.193016238223605,0.0341205897953052,-0.0500459634130932,-0.294649949074932,-0.385391673584541,-1.12146636333552,-1.04769885596222,-1.07721422624437,-1.21560909340518,1.688366248494,-1.26221526140969,0.79152206945191,0.992587439165636,1.12146636333552,0.294649949074932,0.928958808338373,0.111961810791995,1.08662862128714,0.130964803827342,"67th percentile","75th percentile","68th percentile","46th percentile","34th percentile","63rd percentile","49th percentile","46th percentile","99th percentile","13th percentile","81st percentile"
"Nicolo Casale","https://images.fotmob.com/image_resources/playerimages/814398.png","ITA","D (C)","DF","-","Lazio",25,1998,17.3,1557,15,9,6,15,40,9,19,16,3,12,27,61,0,23,24,48.9,1024,940,91.8,36644,1905500,52.82,0.867052023121387,0.520231213872832,0.346820809248555,0.867052023121387,0.520231213872832,1.09826589595376,0.92485549132948,0.173410404624277,0.69364161849711,1.5606936416185,3.52601156069364,0,1.32947976878613,1.38728323699422,59.1907514450867,54.3352601156069,2.82658959537572,0.918876667148566,0.55132600028914,0.367550666859427,0.918876667148566,0.55132600028914,1.16391044505485,0.980135111625138,0.183775333429713,0.735101333718853,1.65397800086742,3.73676511307084,0,1.40894422296114,1.47020266743771,62.7286471440088,57.5829378079768,2.99553793490433,-1.07521559174505,-1.01173130568524,-1.22743860056253,-0.586248233324185,0.3314671668278,-0.344578696383542,0.907446410011652,-1.70881648800703,-0.845577077435203,-1.1837449187832,0.115921608761328,-0.793829900974535,-0.910897665728127,-0.0720276672828633,0.321672604284594,0.470191068892166,0.400133061055548,-2.08727633161476,1.38074563151306,-1.06487609718349,-0.3314671668278,0.0720276672828633,0.793829900974535,-4.49471570045308,-0.543507091442738,-2.35881170320288,-0.285230696112694,"13th percentile","13th percentile","5th percentile","41st percentile","81st percentile","4th percentile","18th percentile","59th percentile","0th percentile","97th percentile","12th percentile"
"Nikola Milenkovic","https://images.fotmob.com/image_resources/playerimages/766611.png","SRB","D (C)","DF","-","Fiorentina",25,1997,27.9,2511,41,21,22,36,61.1,14,22,14,8,27,68,95,1,111,28,79.9,1584,1341,84.7,110131,5726800,57.58,1.46953405017921,0.752688172043011,0.788530465949821,1.29032258064516,0.501792114695341,0.788530465949821,0.501792114695341,0.28673835125448,0.967741935483871,2.43727598566308,3.40501792114695,0.03584229390681,3.97849462365591,1.00358422939068,56.7741935483871,48.0645161290323,2.86379928315412,1.7321240572598,0.887185492742823,0.929432420968671,1.52088941613055,0.591456995161882,0.929432420968671,0.591456995161882,0.33797542580679,1.14066706209791,2.87279111935771,4.01345818145563,0.0422469282258487,4.68940903306921,1.18291399032376,66.9191343097443,56.6531307508631,3.37552956524531,0.366416340636451,-0.0813141970602572,0.564415376712292,0.597385065849917,0.484857485726881,-1.08789995475237,-0.526162419084976,-0.965981741468479,0.0686423481275114,0.285972408754138,0.445548781035704,0.132391055843636,3.04920421180076,-0.715716764021753,0.539681611574622,0.420120188953228,0.804025664549428,-0.158316078823115,-0.108541855768811,2.55451655474716,-0.484857485726881,0.715716764021753,-0.132391055843636,4.59293508535857,0.252691023663489,0.80200724407323,0.044124296930832,"76th percentile","54th percentile","78th percentile","13th percentile","33rd percentile","18th percentile","59th percentile","70th percentile","41st percentile","47th percentile","100th percentile"
"Norbert Gyomber","https://images.fotmob.com/image_resources/playerimages/291655.png","SVK","D (CR)","DF","-","Salernitana",31,1992,19.6,1764,36,18,20,26,76.9,6,33,23,10,23,59,77,2,31,28,52.5,750,630,84,25750,1339000,44.45,1.83673469387755,0.918367346938775,1.02040816326531,1.3265306122449,0.306122448979592,1.68367346938776,1.1734693877551,0.510204081632653,1.1734693877551,3.01020408163265,3.92857142857143,0.102040816326531,1.58163265306122,1.42857142857143,38.265306122449,32.1428571428571,2.67857142857143,1.65322654714451,0.826613273572255,0.918459192858061,1.19399695071548,0.275537757857418,1.5154576682158,1.05622807178677,0.459229596429031,1.05622807178677,2.70945461893128,3.53606789250354,0.0918459192858061,1.42361174893,1.28584287000129,34.4422197321773,28.9314645750289,2.41095538125241,0.226555861094017,-0.249114810977549,0.529421497146455,-0.0453269165270155,-0.722661857119025,0.769864865286959,1.18810934136587,-0.381858802808648,-0.121698599875864,0.0890115447347326,-0.123170962964849,1.21979851683536,-0.893191364795097,-0.485097867887213,-1.14992144097539,-1.07271448914254,-0.22121896540804,1.28611861284077,-0.255373016486742,-0.644559531152831,0.722661857119025,0.485097867887213,-1.21979851683536,-0.938866979618732,0.17645608247993,-0.701170261104356,0.131781988409208,"68th percentile","42nd percentile","76th percentile","81st percentile","84th percentile","38th percentile","52nd percentile","41st percentile","89th percentile","41st percentile","25th percentile"
"Obite N'Dicka","https://images.fotmob.com/image_resources/playerimages/787242.png","CIV","D (C)	","DF","-","Roma",23,1999,24.1,2169,32,18,12,20,60,8,30,16,14,16,48,75,0,38,27,58.5,1587,1437,90.5,101614,5283900,54.84,1.32780082987552,0.746887966804979,0.497925311203319,0.829875518672199,0.33195020746888,1.2448132780083,0.663900414937759,0.580912863070539,0.663900414937759,1.99170124481328,3.11203319502075,0,1.57676348547718,1.12033195020747,65.850622406639,59.6265560165975,2.42738589211618,1.47010720756811,0.826935304257063,0.551290202838042,0.91881700473007,0.367526801892028,1.37822550709511,0.735053603784056,0.643171903311049,0.735053603784056,2.20516081135217,3.44556376773776,0,1.74575230898713,1.24040295638559,72.9081293253311,66.0170017898555,2.68753973883545,-0.0980571540597604,-0.248222703220051,-0.641488948490535,-0.58636553719418,-0.371057596012747,0.334823743243823,0.00348243929372593,0.504254394687295,-0.845684669449318,-0.519095913188649,-0.230989416458675,-0.793829900974535,-0.504310669358388,-0.586908970381784,0.851257523007777,0.924372398021751,0.0727621840442646,-0.258877987736424,1.10805919017976,0.0559680788982621,0.371057596012747,0.586908970381784,0.793829900974535,0.52767410697101,-0.134063041947887,0.0998645142737392,-0.0253719869694518,"47th percentile","44th percentile","31st percentile","67th percentile","57th percentile","68th percentile","17th percentile","39th percentile","36th percentile","81st percentile","57th percentile"
"Pablo Mari","https://images.fotmob.com/image_resources/playerimages/299981.png","ESP","D (C)","DF","-","Monza",29,1993,29.1,2619,41,25,22,34,64.7,12,40,25,15,37,78,115,1,41,20,67.2,1737,1581,91,40606,2111500,53.39,1.40893470790378,0.859106529209622,0.756013745704467,1.16838487972509,0.412371134020619,1.3745704467354,0.859106529209622,0.515463917525773,1.27147766323024,2.68041237113402,3.95189003436426,0.0343642611683849,1.40893470790378,0.687285223367698,59.6907216494845,54.3298969072165,2.30927835051546,1.51140818269017,0.921590355298886,0.81099951266302,1.25336288320649,0.442363370543465,1.47454456847822,0.921590355298886,0.552954213179332,1.36395372584235,2.87536190853253,4.23931563437488,0.0368636142119555,1.51140818269017,0.737272284239109,64.0320978861666,58.2813740691016,2.47723487504341,-0.024843510464403,0.0139961141302699,0.186730078630083,0.071394024435945,-0.0850142231245785,0.640165816093624,0.691508655835161,0.0696448302623471,0.571971380095078,0.289072419197371,0.714614984889181,0.0143673682953872,-0.787205523672001,-1.71420619333205,0.389484290876265,0.507802439883839,-0.150770578738366,0.170795623074984,1.21293859069256,1.07173311347235,0.0850142231245785,1.71420619333205,-0.0143673682953872,3.67679077588987,0.272477646226906,1.74131696703285,0.129044587367703,"52nd percentile","57th percentile","60th percentile","78th percentile","76th percentile","52nd percentile","80th percentile","80th percentile","57th percentile","89th percentile","88th percentile"
"Patric","https://images.fotmob.com/image_resources/playerimages/358149.png","ESP","D (CR)","DF","-","Lazio",30,1993,17.9,1611,13,8,8,18,44.4,10,15,9,6,6,19,44,0,9,17,34.6,1199,1051,87.7,43973,2286600,52.82,0.726256983240223,0.446927374301676,0.446927374301676,1.00558659217877,0.558659217877095,0.837988826815643,0.502793296089385,0.335195530726257,0.335195530726257,1.06145251396648,2.45810055865922,0,0.502793296089385,0.949720670391062,66.9832402234637,58.7150837988827,1.93296089385475,0.769666154345298,0.473640710366337,0.473640710366337,1.06569159832426,0.592050887957922,0.888076331936883,0.53284579916213,0.355230532774753,0.355230532774753,1.12489668712005,2.60502390701486,0,0.53284579916213,1.00648650952847,70.9869014661548,62.2245483243776,2.04849607233441,-1.33971891818645,-1.22693952357605,-0.889114985287848,-0.297591487018795,0.487127486898427,-1.21900332898169,-0.742345230800082,-0.882857971479426,-1.70187543088624,-1.82174262548159,-1.2323328150894,-0.793829900974535,-1.96850358861326,-1.11101408967306,0.751306142227581,0.720145638619199,-0.606476487549034,-1.68502869596152,0.520734547308035,-2.73446690113859,-0.487127486898427,1.11101408967306,0.793829900974535,-10.9725651038724,-0.988471449226552,-4.79863776081186,-0.432288747147097,"5th percentile","7th percentile","17th percentile","10th percentile","25th percentile","20th percentile","2nd percentile","9th percentile","5th percentile","67th percentile","0th percentile"
"Pawel Dawidowicz","https://images.fotmob.com/image_resources/playerimages/406505.png","POL","D (CL)","DF","-","Hellas Verona",28,1995,23.8,2142,53,30,17,29,58.6,12,17,9,8,24,77,114,1,67,30,69.1,1173,972,82.9,7527,391400,44.21,2.22689075630252,1.26050420168067,0.714285714285714,1.21848739495798,0.504201680672269,0.714285714285714,0.378151260504202,0.336134453781513,1.00840336134454,3.23529411764706,4.78991596638655,0.0420168067226891,2.81512605042017,1.26050420168067,49.2857142857143,40.8403361344538,2.90336134453781,1.99577949121932,1.12968650446377,0.640155685862802,1.09203028764831,0.451874601785507,0.640155685862802,0.33890595133913,0.301249734523671,0.903749203571014,2.89952869479034,4.29280871696232,0.0376562168154589,2.52296652663575,1.12968650446377,44.1707423245333,36.6018427446261,2.60204458194821,0.83379453005796,0.590475927183889,-0.358094857054342,-0.245806288460683,-0.0486600086834456,-2.00493918516097,-1.45767718898351,-1.14290199589372,-0.465413893245949,0.318214166997062,0.778341820015446,0.0317443746866918,0.433924507884995,-0.834976432168417,-0.643797577835993,-0.659658273363374,-0.0181105056260843,-0.386865871807907,-0.486107697614918,1.29356685665519,0.0486600086834456,0.834976432168417,-0.0317443746866918,-0.631083307619106,-0.110262276772963,-1.61237431686026,-0.281712510917126,"80th percentile","80th percentile","46th percentile","0th percentile","5th percentile","15th percentile","36th percentile","81st percentile","30th percentile","31st percentile","89th percentile"
"Radu Dragusin","https://images.fotmob.com/image_resources/playerimages/1203661.png","ROU","D (C)","DF","-","Genoa",21,2002,19,1710,16,11,8,9,88.9,1,18,12,6,21,37,87,3,58,25,69.9,721,592,82.1,18422,957900,44.13,0.842105263157895,0.578947368421053,0.421052631578947,0.473684210526316,0.0526315789473684,0.947368421052632,0.631578947368421,0.315789473684211,1.10526315789474,1.94736842105263,4.57894736842105,0.157894736842105,3.05263157894737,1.31578947368421,37.9473684210526,31.1578947368421,3.67894736842105,0.753629195595037,0.518120071971588,0.376814597797519,0.423916422522209,0.0471018247246898,0.847832845044417,0.565221896696278,0.282610948348139,0.989138319218487,1.74276751481352,4.09785875104802,0.141305474174069,2.73190583403201,1.17754561811725,33.9604156265014,27.8842802370164,3.29241754825582,-1.36814740392619,-1.10372026091385,-1.19789570942,-1.55940275255621,-1.59579896080539,-1.34657963142896,-0.622928527593338,-1.23269142332565,-0.272931188732076,-1.07667724354202,0.546096009253205,2.30414898150131,0.686151247510428,-0.727744953546261,-1.17498717453629,-1.12910623285045,0.715686011138139,2.38315761916777,-0.653914738435412,1.38697053799534,1.59579896080539,0.727744953546261,-2.30414898150131,-1.45238684958724,0.258051166181131,-1.51621969891141,0.269392594405607,"4th percentile","12th percentile","7th percentile","5th percentile","26th percentile","12th percentile","41st percentile","75th percentile","100th percentile","26th percentile","91st percentile"
"Riccardo Calafiori","https://images.fotmob.com/image_resources/playerimages/1105912.png","ITA","D (CL)","DF","-","Bologna",21,2002,26.1,2349,47,32,22,32,68.8,10,38,13,25,50,97,74,3,60,24,71.4,1810,1622,89.6,14658,762200,57.87,1.8007662835249,1.22605363984674,0.842911877394636,1.22605363984674,0.383141762452107,1.45593869731801,0.498084291187739,0.957854406130268,1.91570881226054,3.71647509578544,2.83524904214559,0.114942528735632,2.29885057471264,0.919540229885057,69.3486590038314,62.1455938697318,2.73563218390805,2.13715438348553,1.45508383556461,1.00037013695067,1.45508383556461,0.454713698613942,1.72791205473298,0.591127808198124,1.13678424653485,2.27356849306971,4.41072287655523,3.36488136974317,0.136414109584182,2.72828219168365,1.09131287667346,82.3031794491234,73.7545619151813,3.24665580810354,1.08440776485737,1.49191016012845,0.790637402239081,0.468002961299734,-0.0378082974492762,1.44336875780476,-0.527376599450881,2.88215439600706,2.62240964888468,2.14050196528118,-0.327107150301897,2.19691078500163,0.681776869579892,-0.920955058472374,1.3400325675123,1.34104641774596,0.667045917792063,0.545617283570042,0.919276269256702,1.56210244050811,0.0378082974492762,0.920955058472374,-2.19691078500163,7.24635013790945,0.864284970087969,9.50715053517377,1.13393462357382,"86th percentile","92nd percentile","83rd percentile","91st percentile","31st percentile","100th percentile","99th percentile","34th percentile","75th percentile","73rd percentile","96th percentile"
"Ruan","https://images.fotmob.com/image_resources/playerimages/905494.png","BRA","D (CR)","DF","-","Sassuolo",24,1999,16.8,1512,25,15,10,18,55.6,8,18,15,3,24,49,68,2,34,27,55.7,698,593,85,9706,504700,43.82,1.48809523809524,0.892857142857143,0.595238095238095,1.07142857142857,0.476190476190476,1.07142857142857,0.892857142857143,0.178571428571429,1.42857142857143,2.91666666666667,4.04761904761905,0.119047619047619,2.02380952380952,1.60714285714286,41.547619047619,35.297619047619,3.31547619047619,1.3243994643069,0.794639678584143,0.529759785722762,0.953567614300971,0.423807828578209,0.953567614300971,0.794639678584143,0.158927935716829,1.27142348573463,2.59582295004153,3.60236654291478,0.105951957144552,1.80118327145739,1.43035142145146,36.9772330434488,31.4147552933598,2.95076200647578,-0.356351171396688,-0.33768988617894,-0.710149949240703,-0.51804143820413,-0.155937969431429,-1.01138872369497,0.223261015206147,-1.82851492720808,0.363391273248875,-0.0480122780241773,-0.0441887290106741,1.52905905792358,-0.437395682837174,-0.161316993929853,-1.01803803133839,-0.938987227707249,0.352540785692452,-0.661125623389657,-0.0456142154611268,-0.270944805792248,0.155937969431429,0.161316993929853,-1.52905905792358,-4.58654192456421,-0.13996170516031,-9.08765984657065,-0.277316633961383,"38th percentile","41st percentile","28th percentile","20th percentile","63rd percentile","0th percentile","71st percentile","47th percentile","25th percentile","49th percentile","38th percentile"
"Sam Beukema","https://images.fotmob.com/image_resources/playerimages/873573.png","NED","D (C)","DF","-","Bologna",24,1998,28.3,2547,27,11,16,25,64,9,35,21,14,15,42,99,2,46,36,56.1,2055,1842,89.6,17827,927000,57.87,0.954063604240283,0.3886925795053,0.565371024734982,0.88339222614841,0.318021201413428,1.23674911660777,0.742049469964664,0.49469964664311,0.530035335689046,1.48409893992933,3.4982332155477,0.0706713780918728,1.62544169611307,1.27208480565371,72.6148409893993,65.0883392226148,1.98233215547703,1.13228531241429,0.461301423576193,0.670983888838099,1.04841232630953,0.377428437471431,1.46777725683334,0.880666354100005,0.587110902733337,0.629047395785718,1.76133270820001,4.15171281218574,0.0838729861047624,1.92907868040953,1.50971374988572,86.1794932226434,77.2470202024861,2.35263726023858,-0.696909160759432,-1.26112251913144,-0.259783001028525,-0.331564723925664,-0.333211162253421,0.618712690039496,0.540563678601733,0.234189322008821,-1.08464207585951,-1.054290229491,0.610252881674859,1.04500006142777,-0.283003278578453,0.0164995006780678,1.541696785606,1.52911818839719,-0.28320521943687,0.106801681039243,0.919276269256702,-0.224242965122175,0.333211162253421,-0.0164995006780678,-1.04500006142777,-0.922713709165984,0.0123555602945598,-0.995376169542593,0.0133285440070764,"30th percentile","5th percentile","47th percentile","75th percentile","73rd percentile","57th percentile","10th percentile","78th percentile","54th percentile","73rd percentile","41st percentile"
"Sebastian Walukiewicz","https://images.fotmob.com/image_resources/playerimages/860592.png","POL","D (CR)","DF","-","Empoli",23,2000,22.8,2052,39,28,28,41,68.3,13,50,31,19,15,54,121,0,39,49,44.3,1018,842,82.7,7527,391400,44,1.71052631578947,1.2280701754386,1.2280701754386,1.79824561403509,0.570175438596491,2.19298245614035,1.35964912280702,0.833333333333333,0.657894736842105,2.36842105263158,5.30701754385965,0,1.71052631578947,2.14912280701754,44.6491228070175,36.9298245614035,1.94298245614035,1.52725563909774,1.09649122807018,1.09649122807018,1.60557644110276,0.509085213032581,1.95802005012531,1.21397243107769,0.744047619047619,0.587406015037594,2.11466165413534,4.73840852130326,0,1.52725563909774,1.91885964912281,39.8652882205514,32.9730576441103,1.73480576441103,0.00324904720252386,0.49851648052215,1.09716979657803,0.76389048111661,0.170012713770306,2.17283654209866,1.76993707141004,0.990207324908822,-1.17850937411309,-0.628225177939141,1.30918924719658,-0.793829900974535,-0.768074837776422,0.933217684492483,-0.867787710252288,-0.855071355789478,-0.939897502754766,0.499907324973084,-0.528059457820041,-1.60194726488933,-0.170012713770306,-0.933217684492483,0.793829900974535,1.28972898206671,0.0421634841887426,3.29516857962879,0.107724793532812,"55th percentile","76th percentile","86th percentile","99th percentile","96th percentile","91st percentile","7th percentile","89th percentile","73rd percentile","30th percentile","5th percentile"
"Sebastiano Luperto","https://images.fotmob.com/image_resources/playerimages/604330.png","ITA","D (LC)","DF","-","Empoli",26,1996,37.8,3402,37,26,15,24,62.5,9,46,35,11,32,69,157,1,77,58,57,1785,1455,81.5,36644,1905500,44,0.978835978835979,0.687830687830688,0.396825396825397,0.634920634920635,0.238095238095238,1.21693121693122,0.925925925925926,0.291005291005291,0.846560846560847,1.82539682539683,4.15343915343915,0.0264550264550265,2.03703703703704,1.53439153439153,47.2222222222222,38.4920634920635,1.50793650793651,0.873960695389267,0.614134542705971,0.354308390022676,0.566893424036281,0.212585034013605,1.08654572940287,0.826719576719577,0.259826152683296,0.755857898715042,1.62981859410431,3.70842781557067,0.0236205593348451,1.81878306878307,1.36999244142101,42.1626984126984,34.3679138321995,1.34637188208617,-1.1548374877997,-0.837735501649788,-1.26966852927007,-1.27829186197408,-0.963282315609752,-0.589833397824727,0.34158521010027,-1.34245360084262,-0.798787978653822,-1.2128777679494,0.0821631076922406,-0.275973148153518,-0.416149611177209,-0.296555241835,-0.748265541225418,-0.77995719507026,-1.35276336476505,-0.0303281947516324,-0.77977001905078,-0.119163823614511,0.963282315609752,0.296555241835,0.275973148153518,-3.94176924994425,-0.324118777801789,-2.06862726315626,-0.170096445973125,"10th percentile","18th percentile","4th percentile","30th percentile","67th percentile","9th percentile","20th percentile","55th percentile","47th percentile","21st percentile","49th percentile"
"Simon Kjar","https://images.fotmob.com/image_resources/playerimages/35112.png","DEN","D (C)","DF","-","Milan",34,1989,13,1170,24,15,14,22,63.6,8,22,16,6,14,38,46,2,23,17,57.5,833,735,88.2,38031,1977600,57.21,1.84615384615385,1.15384615384615,1.07692307692308,1.69230769230769,0.615384615384615,1.69230769230769,1.23076923076923,0.461538461538462,1.07692307692308,2.92307692307692,3.53846153846154,0.153846153846154,1.76923076923077,1.30769230769231,64.0769230769231,56.5384615384615,4.42307692307692,2.15722580761141,1.34826612975713,1.25838172110666,1.97745699031046,0.719075269203804,1.97745699031046,1.43815053840761,0.539306451902853,1.25838172110666,3.41560752871807,4.13468279792187,0.179768817300951,2.06734139896094,1.52803494705808,74.8737124058461,66.0650403580995,5.16835349740234,1.11998808924586,1.19599766332428,1.61344234273016,1.4950547332055,0.972645237182222,2.23445379127828,2.59680048446437,0.00389888204436153,0.333992747357248,0.940532710416061,0.589964858276369,3.14741868108644,-0.11609569595768,0.0575493428699844,0.953516472667139,0.926959314699334,2.70961586114208,0.070233714161676,0.625613947820843,-0.06078652277692,-0.972645237182222,-0.0575493428699844,-3.14741868108644,2.01619182354969,0.560767054340903,1.01951447388233,0.283559392364939,"88th percentile","88th percentile","92nd percentile","100th percentile","100th percentile","49th percentile","67th percentile","76th percentile","52nd percentile","68th percentile","54th percentile"
"Simone Romagnoli","https://images.fotmob.com/image_resources/playerimages/111739.png","ITA","D (C)","DF","-","Frosinone",33,1990,30.2,2718,35,15,15,20,75,5,51,36,15,29,64,147,0,97,78,55.4,1421,1221,85.9,18422,957900,49.68,1.15894039735099,0.496688741721854,0.496688741721854,0.662251655629139,0.165562913907285,1.6887417218543,1.19205298013245,0.496688741721854,0.960264900662252,2.11920529801325,4.86754966887417,0,3.21192052980132,2.58278145695364,47.0529801324503,40.4304635761589,1.83443708609272,1.15157034712937,0.493530148769728,0.493530148769728,0.658040198359637,0.164510049589909,1.67800250581708,1.18447235704735,0.493530148769728,0.954158287621474,2.10572863475084,4.83659545794333,0,3.19149496204424,2.56635677360259,46.7537560934522,40.1733541098559,1.8227713494562,-0.662722857550352,-1.1718406676936,-0.825687103801686,-1.09908576146564,-1.14703647409008,1.28514997014066,1.66112835592655,-0.216621274663547,-0.351782586064389,-0.638997143860288,1.42616030999871,-0.793829900974535,1.24095670164153,2.38397739902211,-0.509416956846872,-0.467329429007115,-0.846398998248564,1.11242077017232,0.143168705461928,-0.305971186294803,1.14703647409008,-2.38397739902211,0.793829900974535,4.84056683960249,0.303331369120122,5.05331124292984,0.3166628762085,"31st percentile","9th percentile","23rd percentile","86th percentile","94th percentile","44th percentile","39th percentile","92nd percentile","83rd percentile","55th percentile","34th percentile"
"Stefan de Vrij","https://images.fotmob.com/image_resources/playerimages/188555.png","NED","D (CL)","DF","-","Inter",31,1992,17.6,1584,18,13,8,15,53.3,7,22,10,12,24,42,51,0,46,25,64.8,1010,932,92.3,139447,7251200,57.11,1.02272727272727,0.738636363636364,0.454545454545455,0.852272727272727,0.397727272727273,1.25,0.568181818181818,0.681818181818182,1.36363636363636,2.38636363636364,2.89772727272727,0,2.61363636363636,1.42045454545455,57.3863636363636,52.9545454545455,3.68181818181818,1.19226774624303,0.861082261175523,0.529896776108014,0.993556455202526,0.463659679094512,1.45721613429704,0.662370970135018,0.794845164162021,1.58969032832404,2.78195807456707,3.37809194768859,0,3.04690646262108,1.65592742533754,66.8994679836368,61.7329744165836,4.29216388647491,-0.590579164449645,-0.15362685692639,-0.709713083717188,-0.43941831308511,-0.00361460743159489,0.585232764046147,-0.26460176948397,1.23491652688234,1.08082302264906,0.176440522514568,-0.311369258934833,-0.793829900974535,1.06641278144143,0.3441008166364,0.538658476062645,0.693673976643789,1.77831507750585,-0.871391432935665,1.48562503202586,0.79152206945191,0.00361460743159489,-0.3441008166364,0.793829900974535,4.41518770762103,0.16230835077404,0.608890626051003,0.0223836538468171,"34th percentile","49th percentile","30th percentile","73rd percentile","44th percentile","92nd percentile","91st percentile","36th percentile","18th percentile","99th percentile","81st percentile"
"Weston McKennie","https://images.fotmob.com/image_resources/playerimages/848266.png","USA","M (C), D (L)	","MF","DF","Juventus",24,1998,28.8,2592,48,29,17,27,63,10,28,7,21,18,66,69,0,37,34,52.1,1172,898,76.6,63583,3306300,48.47,1.66666666666667,1.00694444444444,0.590277777777778,0.9375,0.347222222222222,0.972222222222222,0.243055555555556,0.729166666666667,0.625,2.29166666666667,2.39583333333333,0,1.28472222222222,1.18055555555556,40.6944444444444,31.1805555555556,1.80902777777778,1.61718093020247,0.977046811997326,0.572751579446709,0.90966427323889,0.336912693792181,0.943355542618108,0.235838885654527,0.707516656963581,0.606442848825927,2.2236237790284,2.32469758716605,0,1.24657696703107,1.14550315889342,39.4861677124437,30.2547599025379,1.75531513465727,0.162658315232938,0.167624751269548,-0.573048119521109,-0.604360966343611,-0.488072083670912,-1.04376211989464,-1.83783199857002,0.814225147841462,-1.13559686441939,-0.49683216897729,-1.56628831554792,-0.793829900974535,-1.10690369300713,-0.799538182023897,-0.887511356297948,-1.00145394002051,-0.918098120127996,0.0153817638453259,-1.8075881440763,-0.691261371822904,0.488072083670912,0.799538182023897,0.793829900974535,-6.35937525954939,-0.569421787207228,-1.92341144468118,-0.172223266856374,"65th percentile","63rd percentile","34th percentile","17th percentile","0th percentile","84th percentile","9th percentile","5th percentile","50th percentile","4th percentile","23rd percentile"
"Yerry Mina","https://images.fotmob.com/image_resources/playerimages/496042.png","COL","D (C)","DF","MF","Fiorentina | Cagliari",28,1994,14,1260,21,14,14,21,66.7,7,23,14,9,4,25,79,0,36,14,72,579,463,80,38031,1977600,42.05,1.5,1,1,1.5,0.5,1.64285714285714,1,0.642857142857143,0.285714285714286,1.78571428571429,5.64285714285714,0,2.57142857142857,1,41.3571428571429,33.0714285714286,5.14285714285714,1.29421915444349,0.86281276962899,0.86281276962899,1.29421915444349,0.431406384814495,1.41747812153334,0.86281276962899,0.554665351904351,0.246517934179712,1.5407370886232,4.8687292000493,0,2.2186614076174,0.86281276962899,35.6834709725132,28.5344508813016,4.43732281523481,-0.409851371898189,-0.148832903776627,0.351963759722324,0.151722627439749,-0.126894459098519,0.45925887046825,0.474712128837191,0.0778879725425975,-1.9469335373397,-1.32029754394498,1.46444155284595,-0.793829900974535,0.0665743477939633,-1.432924513676,-1.08534566732411,-1.09409400529124,1.93260431173084,0.353635457462818,-1.0944082205892,1.63215520151322,0.126894459098519,1.432924513676,0.793829900974535,1.41204343214318,-0.0681105981403541,0.714018725800557,-0.034441038703658,"36th percentile","50th percentile","67th percentile","70th percentile","71st percentile","54th percentile","0th percentile","96th percentile","62nd percentile","17th percentile","97th percentile"
